,class,label,index
0,7,0,41
1,7,0,153
2,7,0,2169
3,7,0,2810
4,7,0,3193
5,7,0,3843
6,7,0,3920
7,7,0,4120
8,7,0,4633
9,7,0,4826
10,7,0,5650
11,7,0,5656
12,7,0,5848
13,7,0,6008
14,7,0,7352
15,7,0,7388
16,7,0,8205
17,7,0,8754
18,7,0,8894
19,7,0,8938
20,7,0,9418
21,7,0,9658
22,7,0,9904
23,7,0,10004
24,7,0,10005
25,7,0,10239
26,7,0,10454
27,7,0,10661
28,7,0,10668
29,7,0,12805
30,7,0,13246
31,7,0,14117
32,7,0,14136
33,7,0,14170
34,7,0,14441
35,7,0,14446
36,7,0,14551
37,7,0,14766
38,7,0,15202
39,7,0,15580
40,7,0,15926
41,7,0,15936
42,7,0,16219
43,7,0,16401
44,7,0,16944
45,7,0,17014
46,7,0,17409
47,7,0,18081
48,7,0,18485
49,7,0,18737
50,7,0,19536
51,7,0,21042
52,7,0,21076
53,7,0,21289
54,7,0,21966
55,7,0,22064
56,7,0,22382
57,7,0,22394
58,7,0,22526
59,7,0,22610
60,7,0,22619
61,7,0,22680
62,7,0,24008
63,7,0,24059
64,7,0,24156
65,7,0,24656
66,7,0,24714
67,7,0,24979
68,7,0,25284
69,7,0,25574
70,7,0,25938
71,7,0,26246
72,7,0,26417
73,7,0,26697
74,7,0,27453
75,7,0,27656
76,7,0,27700
77,7,0,27716
78,7,0,27739
79,7,0,27867
80,7,0,28224
81,7,0,28650
82,7,0,29846
83,7,0,30402
84,7,0,30565
85,7,0,30685
86,7,0,30686
87,7,0,30688
88,7,0,31047
89,7,0,31339
90,7,0,31417
91,7,0,31656
92,7,0,31917
93,7,0,33026
94,7,0,33728
95,7,0,34323
96,7,0,34638
97,7,0,35774
98,7,0,36085
99,7,0,36442
100,7,0,36498
101,7,0,36946
102,7,0,37429
103,7,0,37778
104,7,0,38231
105,7,0,38402
106,7,0,39102
107,7,0,39737
108,7,0,39955
109,7,0,40526
110,7,0,42285
111,7,0,42461
112,7,0,42880
113,7,0,43002
114,7,0,43188
115,7,0,43520
116,7,0,43649
117,7,0,44813
118,7,0,45855
119,7,0,46199
120,7,0,46439
121,7,0,47173
122,7,0,48103
123,7,0,48373
124,7,0,49470
125,7,0,49498
126,7,0,50194
127,7,0,50612
128,7,0,50712
129,7,0,51104
130,7,0,51534
131,7,0,52165
132,7,0,52769
133,7,0,53351
134,7,0,54370
135,7,0,54530
136,7,0,54959
137,7,0,55709
138,7,0,57550
139,7,0,58041
140,7,0,59521
141,7,0,59622
142,7,0,59715
143,7,1,210
144,7,1,447
145,7,1,619
146,7,1,666
147,7,1,674
148,7,1,770
149,7,1,964
150,7,1,983
151,7,1,1196
152,7,1,1282
153,7,1,1451
154,7,1,1453
155,7,1,1477
156,7,1,1478
157,7,1,2003
158,7,1,2148
159,7,1,2230
160,7,1,2258
161,7,1,2284
162,7,1,2317
163,7,1,2321
164,7,1,2544
165,7,1,2612
166,7,1,2766
167,7,1,2926
168,7,1,3026
169,7,1,3032
170,7,1,3044
171,7,1,3123
172,7,1,3407
173,7,1,3500
174,7,1,3638
175,7,1,3666
176,7,1,3723
177,7,1,3826
178,7,1,3960
179,7,1,4013
180,7,1,4077
181,7,1,4105
182,7,1,4154
183,7,1,4346
184,7,1,4476
185,7,1,4512
186,7,1,4549
187,7,1,4626
188,7,1,4653
189,7,1,4723
190,7,1,4725
191,7,1,4756
192,7,1,4800
193,7,1,4901
194,7,1,5288
195,7,1,5349
196,7,1,5406
197,7,1,5620
198,7,1,5655
199,7,1,5786
200,7,1,5805
201,7,1,5846
202,7,1,6113
203,7,1,6314
204,7,1,6329
205,7,1,6338
206,7,1,6341
207,7,1,6542
208,7,1,6543
209,7,1,6648
210,7,1,6791
211,7,1,6817
212,7,1,6871
213,7,1,6876
214,7,1,6993
215,7,1,7063
216,7,1,7149
217,7,1,7215
218,7,1,7292
219,7,1,7477
220,7,1,7506
221,7,1,7596
222,7,1,7650
223,7,1,7804
224,7,1,7828
225,7,1,7907
226,7,1,7937
227,7,1,8118
228,7,1,8326
229,7,1,8424
230,7,1,8477
231,7,1,8510
232,7,1,8559
233,7,1,8638
234,7,1,8771
235,7,1,8852
236,7,1,8893
237,7,1,9175
238,7,1,9284
239,7,1,9339
240,7,1,9416
241,7,1,9467
242,7,1,9506
243,7,1,9567
244,7,1,9694
245,7,1,9695
246,7,1,9845
247,7,1,9990
248,7,1,10044
249,7,1,10307
250,7,1,10370
251,7,1,10404
252,7,1,10558
253,7,1,10761
254,7,1,11128
255,7,1,11326
256,7,1,11386
257,7,1,11781
258,7,1,11822
259,7,1,12060
260,7,1,12285
261,7,1,12372
262,7,1,12390
263,7,1,12396
264,7,1,12420
265,7,1,12541
266,7,1,12676
267,7,1,12703
268,7,1,12815
269,7,1,13030
270,7,1,13159
271,7,1,13347
272,7,1,13349
273,7,1,13351
274,7,1,13378
275,7,1,13383
276,7,1,13425
277,7,1,13436
278,7,1,13525
279,7,1,13593
280,7,1,13616
281,7,1,13650
282,7,1,13776
283,7,1,14112
284,7,1,14363
285,7,1,14674
286,7,1,14693
287,7,1,14780
288,7,1,14822
289,7,1,14872
290,7,1,15004
291,7,1,15158
292,7,1,15167
293,7,1,15182
294,7,1,15269
295,7,1,15323
296,7,1,15432
297,7,1,15452
298,7,1,15577
299,7,1,15635
300,7,1,15683
301,7,1,15723
302,7,1,15790
303,7,1,15924
304,7,1,15952
305,7,1,15997
306,7,1,16035
307,7,1,16082
308,7,1,16173
309,7,1,16212
310,7,1,16229
311,7,1,16241
312,7,1,16255
313,7,1,16279
314,7,1,16284
315,7,1,16341
316,7,1,16362
317,7,1,16367
318,7,1,16446
319,7,1,16693
320,7,1,16831
321,7,1,16920
322,7,1,17005
323,7,1,17006
324,7,1,17063
325,7,1,17083
326,7,1,17090
327,7,1,17393
328,7,1,17398
329,7,1,17571
330,7,1,17694
331,7,1,17710
332,7,1,17768
333,7,1,17791
334,7,1,17798
335,7,1,17859
336,7,1,17865
337,7,1,17952
338,7,1,17975
339,7,1,18134
340,7,1,18367
341,7,1,18529
342,7,1,18621
343,7,1,19000
344,7,1,19194
345,7,1,19471
346,7,1,19538
347,7,1,19597
348,7,1,19797
349,7,1,19873
350,7,1,19937
351,7,1,19938
352,7,1,19948
353,7,1,19960
354,7,1,19964
355,7,1,19986
356,7,1,20142
357,7,1,20153
358,7,1,20165
359,7,1,20190
360,7,1,20193
361,7,1,20197
362,7,1,20202
363,7,1,20741
364,7,1,20862
365,7,1,20904
366,7,1,20912
367,7,1,20955
368,7,1,20966
369,7,1,21000
370,7,1,21284
371,7,1,21294
372,7,1,21552
373,7,1,21585
374,7,1,21588
375,7,1,21653
376,7,1,21759
377,7,1,21974
378,7,1,21986
379,7,1,22004
380,7,1,22145
381,7,1,22174
382,7,1,22343
383,7,1,22364
384,7,1,22608
385,7,1,22688
386,7,1,22832
387,7,1,22843
388,7,1,23007
389,7,1,23139
390,7,1,23153
391,7,1,23190
392,7,1,23309
393,7,1,23340
394,7,1,23362
395,7,1,23404
396,7,1,23408
397,7,1,23572
398,7,1,23582
399,7,1,23616
400,7,1,23633
401,7,1,23709
402,7,1,23734
403,7,1,23877
404,7,1,23919
405,7,1,24011
406,7,1,24052
407,7,1,24116
408,7,1,24136
409,7,1,24290
410,7,1,24296
411,7,1,24308
412,7,1,24309
413,7,1,24403
414,7,1,24508
415,7,1,24719
416,7,1,24745
417,7,1,24839
418,7,1,25000
419,7,1,25015
420,7,1,25049
421,7,1,25138
422,7,1,25414
423,7,1,25511
424,7,1,25603
425,7,1,25634
426,7,1,25666
427,7,1,25768
428,7,1,25834
429,7,1,25920
430,7,1,25989
431,7,1,26149
432,7,1,26162
433,7,1,26190
434,7,1,26242
435,7,1,26297
436,7,1,26328
437,7,1,26471
438,7,1,26511
439,7,1,26524
440,7,1,26566
441,7,1,26877
442,7,1,26985
443,7,1,27039
444,7,1,27135
445,7,1,27207
446,7,1,27242
447,7,1,27325
448,7,1,27378
449,7,1,27417
450,7,1,27581
451,7,1,27919
452,7,1,27945
453,7,1,28008
454,7,1,28106
455,7,1,28156
456,7,1,28287
457,7,1,28662
458,7,1,28731
459,7,1,28735
460,7,1,28737
461,7,1,28763
462,7,1,28918
463,7,1,29093
464,7,1,29171
465,7,1,29266
466,7,1,29452
467,7,1,29459
468,7,1,29731
469,7,1,30017
470,7,1,30063
471,7,1,30111
472,7,1,30277
473,7,1,30320
474,7,1,30477
475,7,1,30705
476,7,1,30743
477,7,1,30817
478,7,1,31158
479,7,1,31176
480,7,1,31266
481,7,1,31322
482,7,1,31447
483,7,1,31464
484,7,1,31670
485,7,1,31706
486,7,1,31823
487,7,1,31845
488,7,1,32009
489,7,1,32040
490,7,1,32069
491,7,1,32224
492,7,1,32335
493,7,1,32361
494,7,1,32416
495,7,1,32526
496,7,1,32720
497,7,1,32763
498,7,1,32820
499,7,1,32875
500,7,1,32932
501,7,1,32934
502,7,1,33116
503,7,1,33325
504,7,1,33479
505,7,1,33625
506,7,1,33687
507,7,1,33785
508,7,1,34074
509,7,1,34146
510,7,1,34218
511,7,1,34476
512,7,1,34659
513,7,1,34776
514,7,1,34852
515,7,1,35012
516,7,1,35338
517,7,1,35409
518,7,1,35506
519,7,1,35716
520,7,1,35866
521,7,1,35896
522,7,1,35978
523,7,1,36138
524,7,1,36249
525,7,1,36308
526,7,1,36502
527,7,1,36586
528,7,1,36753
529,7,1,36918
530,7,1,37021
531,7,1,37133
532,7,1,37174
533,7,1,37255
534,7,1,37340
535,7,1,37414
536,7,1,37601
537,7,1,37640
538,7,1,38034
539,7,1,38092
540,7,1,38107
541,7,1,38118
542,7,1,38178
543,7,1,38263
544,7,1,38349
545,7,1,38441
546,7,1,38450
547,7,1,38487
548,7,1,38714
549,7,1,38750
550,7,1,38871
551,7,1,38882
552,7,1,38884
553,7,1,39013
554,7,1,39315
555,7,1,39365
556,7,1,39441
557,7,1,39453
558,7,1,39473
559,7,1,39476
560,7,1,39480
561,7,1,39630
562,7,1,39667
563,7,1,39810
564,7,1,39815
565,7,1,39925
566,7,1,40000
567,7,1,40056
568,7,1,40533
569,7,1,40563
570,7,1,40604
571,7,1,40632
572,7,1,40936
573,7,1,41109
574,7,1,41147
575,7,1,41187
576,7,1,41321
577,7,1,41336
578,7,1,41567
579,7,1,41585
580,7,1,41649
581,7,1,41688
582,7,1,41737
583,7,1,41784
584,7,1,41879
585,7,1,42478
586,7,1,42483
587,7,1,42593
588,7,1,42694
589,7,1,42848
590,7,1,42912
591,7,1,43119
592,7,1,43152
593,7,1,43253
594,7,1,43334
595,7,1,43580
596,7,1,43687
597,7,1,43775
598,7,1,44008
599,7,1,44015
600,7,1,44032
601,7,1,44037
602,7,1,44098
603,7,1,44183
604,7,1,44460
605,7,1,44478
606,7,1,44656
607,7,1,44678
608,7,1,44726
609,7,1,44957
610,7,1,45039
611,7,1,45055
612,7,1,45139
613,7,1,45178
614,7,1,45214
615,7,1,45292
616,7,1,45433
617,7,1,45505
618,7,1,45509
619,7,1,45587
620,7,1,45591
621,7,1,45642
622,7,1,45669
623,7,1,45763
624,7,1,46161
625,7,1,46169
626,7,1,46174
627,7,1,46275
628,7,1,46550
629,7,1,46553
630,7,1,46713
631,7,1,46755
632,7,1,46817
633,7,1,46842
634,7,1,46887
635,7,1,47012
636,7,1,47442
637,7,1,47578
638,7,1,47599
639,7,1,47616
640,7,1,47820
641,7,1,47849
642,7,1,47872
643,7,1,48034
644,7,1,48153
645,7,1,48198
646,7,1,48233
647,7,1,48310
648,7,1,48356
649,7,1,48392
650,7,1,48517
651,7,1,48554
652,7,1,48634
653,7,1,48717
654,7,1,49047
655,7,1,49208
656,7,1,49272
657,7,1,49289
658,7,1,49361
659,7,1,49574
660,7,1,49638
661,7,1,50076
662,7,1,50241
663,7,1,50259
664,7,1,50329
665,7,1,50346
666,7,1,50473
667,7,1,50515
668,7,1,50646
669,7,1,50656
670,7,1,50715
671,7,1,50765
672,7,1,50776
673,7,1,50878
674,7,1,51060
675,7,1,51133
676,7,1,51561
677,7,1,51645
678,7,1,51659
679,7,1,51759
680,7,1,51802
681,7,1,51837
682,7,1,51895
683,7,1,51930
684,7,1,52011
685,7,1,52046
686,7,1,52113
687,7,1,52152
688,7,1,52261
689,7,1,52445
690,7,1,52465
691,7,1,52551
692,7,1,52565
693,7,1,52588
694,7,1,52598
695,7,1,52599
696,7,1,52616
697,7,1,52872
698,7,1,53081
699,7,1,53088
700,7,1,53197
701,7,1,53222
702,7,1,53261
703,7,1,53328
704,7,1,53342
705,7,1,53500
706,7,1,53777
707,7,1,53813
708,7,1,53824
709,7,1,53884
710,7,1,53942
711,7,1,54005
712,7,1,54016
713,7,1,54057
714,7,1,54422
715,7,1,54548
716,7,1,54645
717,7,1,54655
718,7,1,54692
719,7,1,54779
720,7,1,54794
721,7,1,54814
722,7,1,54886
723,7,1,54888
724,7,1,54922
725,7,1,55058
726,7,1,55106
727,7,1,55299
728,7,1,55327
729,7,1,55580
730,7,1,55603
731,7,1,55672
732,7,1,55786
733,7,1,56001
734,7,1,56022
735,7,1,56275
736,7,1,56540
737,7,1,56824
738,7,1,56999
739,7,1,57026
740,7,1,57036
741,7,1,57182
742,7,1,57362
743,7,1,57454
744,7,1,57571
745,7,1,57591
746,7,1,57638
747,7,1,57649
748,7,1,57670
749,7,1,57744
750,7,1,57930
751,7,1,57957
752,7,1,58020
753,7,1,58074
754,7,1,58084
755,7,1,58449
756,7,1,58468
757,7,1,58530
758,7,1,58637
759,7,1,58710
760,7,1,58816
761,7,1,58895
762,7,1,58981
763,7,1,59022
764,7,1,59031
765,7,1,59113
766,7,1,59185
767,7,1,59208
768,7,1,59229
769,7,1,59463
770,7,1,59557
771,7,1,59694
772,7,1,59789
773,7,1,59796
774,7,1,59822
775,7,1,59848
776,7,2,108
777,7,2,175
778,7,2,275
779,7,2,534
780,7,2,581
781,7,2,604
782,7,2,1720
783,7,2,1930
784,7,2,2461
785,7,2,2882
786,7,2,3280
787,7,2,3612
788,7,2,3708
789,7,2,4296
790,7,2,4368
791,7,2,4721
792,7,2,5062
793,7,2,5184
794,7,2,5282
795,7,2,5336
796,7,2,5727
797,7,2,7008
798,7,2,7060
799,7,2,7194
800,7,2,7314
801,7,2,7801
802,7,2,8101
803,7,2,8111
804,7,2,8418
805,7,2,8461
806,7,2,8727
807,7,2,8818
808,7,2,9126
809,7,2,9282
810,7,2,9371
811,7,2,9683
812,7,2,9776
813,7,2,10088
814,7,2,10213
815,7,2,11066
816,7,2,11597
817,7,2,12194
818,7,2,12362
819,7,2,12991
820,7,2,13489
821,7,2,13697
822,7,2,14264
823,7,2,14630
824,7,2,15133
825,7,2,15346
826,7,2,15501
827,7,2,16286
828,7,2,16508
829,7,2,16825
830,7,2,17330
831,7,2,17961
832,7,2,18563
833,7,2,18900
834,7,2,18905
835,7,2,19401
836,7,2,19418
837,7,2,20131
838,7,2,20355
839,7,2,20657
840,7,2,20768
841,7,2,21336
842,7,2,21606
843,7,2,21637
844,7,2,21803
845,7,2,21833
846,7,2,21985
847,7,2,22642
848,7,2,22977
849,7,2,23733
850,7,2,24664
851,7,2,25805
852,7,2,26338
853,7,2,27278
854,7,2,27888
855,7,2,28385
856,7,2,28835
857,7,2,30056
858,7,2,30536
859,7,2,31581
860,7,2,31657
861,7,2,31831
862,7,2,31975
863,7,2,32067
864,7,2,32233
865,7,2,32287
866,7,2,32325
867,7,2,32841
868,7,2,33009
869,7,2,33554
870,7,2,33795
871,7,2,34602
872,7,2,34722
873,7,2,34783
874,7,2,35372
875,7,2,36902
876,7,2,37010
877,7,2,37278
878,7,2,37658
879,7,2,38808
880,7,2,39015
881,7,2,39039
882,7,2,39258
883,7,2,39661
884,7,2,39680
885,7,2,39977
886,7,2,41384
887,7,2,41721
888,7,2,41734
889,7,2,41989
890,7,2,42330
891,7,2,43462
892,7,2,43648
893,7,2,44318
894,7,2,44868
895,7,2,45094
896,7,2,45479
897,7,2,45668
898,7,2,45764
899,7,2,46030
900,7,2,46189
901,7,2,46548
902,7,2,46998
903,7,2,47259
904,7,2,47567
905,7,2,48084
906,7,2,48251
907,7,2,48487
908,7,2,48493
909,7,2,48773
910,7,2,49651
911,7,2,49750
912,7,2,49801
913,7,2,50318
914,7,2,50453
915,7,2,50716
916,7,2,51834
917,7,2,52328
918,7,2,52753
919,7,2,53313
920,7,2,54082
921,7,2,54169
922,7,2,54259
923,7,2,54325
924,7,2,54387
925,7,2,55008
926,7,2,55858
927,7,2,55923
928,7,2,56280
929,7,2,56552
930,7,2,56751
931,7,2,56799
932,7,2,57308
933,7,2,57619
934,7,2,58276
935,7,2,58453
936,7,2,58664
937,7,2,58931
938,7,2,59668
939,7,3,14
940,7,3,131
941,7,3,369
942,7,3,569
943,7,3,848
944,7,3,920
945,7,3,1067
946,7,3,1069
947,7,3,1302
948,7,3,1383
949,7,3,1696
950,7,3,1870
951,7,3,2075
952,7,3,2232
953,7,3,2262
954,7,3,2269
955,7,3,2278
956,7,3,2355
957,7,3,2673
958,7,3,2957
959,7,3,3135
960,7,3,3247
961,7,3,3434
962,7,3,3557
963,7,3,3810
964,7,3,5103
965,7,3,5520
966,7,3,5721
967,7,3,6097
968,7,3,6177
969,7,3,6352
970,7,3,6430
971,7,3,6556
972,7,3,6609
973,7,3,6647
974,7,3,6669
975,7,3,6789
976,7,3,6823
977,7,3,6853
978,7,3,6891
979,7,3,7172
980,7,3,7214
981,7,3,7331
982,7,3,7373
983,7,3,7771
984,7,3,7850
985,7,3,7990
986,7,3,8009
987,7,3,8053
988,7,3,8200
989,7,3,8337
990,7,3,9032
991,7,3,9161
992,7,3,9164
993,7,3,9217
994,7,3,9246
995,7,3,9496
996,7,3,9529
997,7,3,9731
998,7,3,9856
999,7,3,10289
1000,7,3,10755
1001,7,3,10852
1002,7,3,10925
1003,7,3,10989
1004,7,3,11092
1005,7,3,11398
1006,7,3,11482
1007,7,3,11497
1008,7,3,11914
1009,7,3,12106
1010,7,3,12773
1011,7,3,12812
1012,7,3,12872
1013,7,3,13162
1014,7,3,13184
1015,7,3,13398
1016,7,3,13460
1017,7,3,13543
1018,7,3,13997
1019,7,3,14082
1020,7,3,14188
1021,7,3,14381
1022,7,3,14620
1023,7,3,15128
1024,7,3,15132
1025,7,3,15859
1026,7,3,15990
1027,7,3,16027
1028,7,3,16155
1029,7,3,16290
1030,7,3,16414
1031,7,3,16430
1032,7,3,16696
1033,7,3,16964
1034,7,3,17358
1035,7,3,17374
1036,7,3,17538
1037,7,3,17757
1038,7,3,17819
1039,7,3,17825
1040,7,3,18120
1041,7,3,18145
1042,7,3,18257
1043,7,3,18489
1044,7,3,18890
1045,7,3,19036
1046,7,3,19163
1047,7,3,19522
1048,7,3,20522
1049,7,3,20941
1050,7,3,21060
1051,7,3,21078
1052,7,3,21237
1053,7,3,21329
1054,7,3,21392
1055,7,3,21658
1056,7,3,22749
1057,7,3,22863
1058,7,3,22882
1059,7,3,23507
1060,7,3,23535
1061,7,3,23632
1062,7,3,23790
1063,7,3,23840
1064,7,3,23844
1065,7,3,24016
1066,7,3,24249
1067,7,3,24320
1068,7,3,24460
1069,7,3,24532
1070,7,3,24679
1071,7,3,24873
1072,7,3,24923
1073,7,3,25146
1074,7,3,25406
1075,7,3,26061
1076,7,3,26282
1077,7,3,26333
1078,7,3,26348
1079,7,3,26355
1080,7,3,26357
1081,7,3,26472
1082,7,3,26580
1083,7,3,26641
1084,7,3,26713
1085,7,3,26916
1086,7,3,27010
1087,7,3,27199
1088,7,3,27321
1089,7,3,27491
1090,7,3,27507
1091,7,3,28569
1092,7,3,28667
1093,7,3,28723
1094,7,3,28822
1095,7,3,28937
1096,7,3,29108
1097,7,3,29270
1098,7,3,29374
1099,7,3,29656
1100,7,3,29885
1101,7,3,29919
1102,7,3,30069
1103,7,3,30209
1104,7,3,30458
1105,7,3,30520
1106,7,3,30545
1107,7,3,30873
1108,7,3,31066
1109,7,3,31081
1110,7,3,31121
1111,7,3,31291
1112,7,3,31368
1113,7,3,31407
1114,7,3,31433
1115,7,3,31549
1116,7,3,31926
1117,7,3,31965
1118,7,3,32255
1119,7,3,32453
1120,7,3,32610
1121,7,3,33063
1122,7,3,33451
1123,7,3,33749
1124,7,3,33818
1125,7,3,34085
1126,7,3,34258
1127,7,3,34556
1128,7,3,34590
1129,7,3,34637
1130,7,3,35171
1131,7,3,35332
1132,7,3,36195
1133,7,3,36331
1134,7,3,36418
1135,7,3,36710
1136,7,3,36894
1137,7,3,36942
1138,7,3,37019
1139,7,3,37042
1140,7,3,37322
1141,7,3,37472
1142,7,3,37543
1143,7,3,37809
1144,7,3,37822
1145,7,3,37878
1146,7,3,37906
1147,7,3,37970
1148,7,3,37986
1149,7,3,38002
1150,7,3,38609
1151,7,3,38720
1152,7,3,39066
1153,7,3,39713
1154,7,3,39807
1155,7,3,40065
1156,7,3,40071
1157,7,3,40582
1158,7,3,40697
1159,7,3,41256
1160,7,3,41662
1161,7,3,41929
1162,7,3,42045
1163,7,3,42221
1164,7,3,42322
1165,7,3,42595
1166,7,3,42850
1167,7,3,43547
1168,7,3,43962
1169,7,3,44243
1170,7,3,44265
1171,7,3,44336
1172,7,3,44558
1173,7,3,44633
1174,7,3,44658
1175,7,3,44900
1176,7,3,45046
1177,7,3,45123
1178,7,3,45140
1179,7,3,45632
1180,7,3,45635
1181,7,3,45885
1182,7,3,46035
1183,7,3,46505
1184,7,3,46581
1185,7,3,46972
1186,7,3,47418
1187,7,3,47718
1188,7,3,47938
1189,7,3,47967
1190,7,3,48095
1191,7,3,48471
1192,7,3,48809
1193,7,3,48885
1194,7,3,48934
1195,7,3,48960
1196,7,3,49059
1197,7,3,49218
1198,7,3,49336
1199,7,3,49619
1200,7,3,49752
1201,7,3,49784
1202,7,3,50191
1203,7,3,50235
1204,7,3,50286
1205,7,3,50585
1206,7,3,50760
1207,7,3,50791
1208,7,3,50909
1209,7,3,51008
1210,7,3,51392
1211,7,3,51420
1212,7,3,51713
1213,7,3,51752
1214,7,3,52464
1215,7,3,52484
1216,7,3,52512
1217,7,3,52552
1218,7,3,52712
1219,7,3,52842
1220,7,3,52847
1221,7,3,52922
1222,7,3,53339
1223,7,3,53571
1224,7,3,53782
1225,7,3,54000
1226,7,3,54341
1227,7,3,54605
1228,7,3,54755
1229,7,3,55089
1230,7,3,55124
1231,7,3,55458
1232,7,3,55747
1233,7,3,55851
1234,7,3,55889
1235,7,3,55973
1236,7,3,56214
1237,7,3,56249
1238,7,3,56436
1239,7,3,56791
1240,7,3,57044
1241,7,3,57265
1242,7,3,57312
1243,7,3,57368
1244,7,3,57721
1245,7,3,57813
1246,7,3,58090
1247,7,3,58465
1248,7,3,58555
1249,7,3,58694
1250,7,3,59004
1251,7,3,59170
1252,7,3,59374
1253,7,3,59584
1254,7,3,59589
1255,7,3,59834
1256,7,4,46
1257,7,4,627
1258,7,4,870
1259,7,4,969
1260,7,4,1621
1261,7,4,1627
1262,7,4,2130
1263,7,4,2515
1264,7,4,2901
1265,7,4,3015
1266,7,4,3178
1267,7,4,3372
1268,7,4,3474
1269,7,4,3836
1270,7,4,4276
1271,7,4,4454
1272,7,4,4488
1273,7,4,4593
1274,7,4,4627
1275,7,4,4760
1276,7,4,4857
1277,7,4,4874
1278,7,4,5225
1279,7,4,5338
1280,7,4,5522
1281,7,4,5582
1282,7,4,5693
1283,7,4,6011
1284,7,4,6331
1285,7,4,6374
1286,7,4,6607
1287,7,4,6859
1288,7,4,7247
1289,7,4,7774
1290,7,4,8114
1291,7,4,8505
1292,7,4,8739
1293,7,4,8794
1294,7,4,10259
1295,7,4,10604
1296,7,4,10612
1297,7,4,10973
1298,7,4,11985
1299,7,4,12054
1300,7,4,12180
1301,7,4,12226
1302,7,4,12238
1303,7,4,12456
1304,7,4,12506
1305,7,4,12715
1306,7,4,12976
1307,7,4,13198
1308,7,4,13404
1309,7,4,13430
1310,7,4,13720
1311,7,4,13799
1312,7,4,13935
1313,7,4,14038
1314,7,4,14061
1315,7,4,14247
1316,7,4,14655
1317,7,4,14924
1318,7,4,15275
1319,7,4,15276
1320,7,4,15349
1321,7,4,15765
1322,7,4,15770
1323,7,4,16124
1324,7,4,16285
1325,7,4,16389
1326,7,4,16421
1327,7,4,16795
1328,7,4,17808
1329,7,4,18123
1330,7,4,18679
1331,7,4,18822
1332,7,4,18826
1333,7,4,18863
1334,7,4,18927
1335,7,4,19284
1336,7,4,19512
1337,7,4,19517
1338,7,4,19823
1339,7,4,20137
1340,7,4,20267
1341,7,4,20754
1342,7,4,20831
1343,7,4,21089
1344,7,4,21230
1345,7,4,21857
1346,7,4,21932
1347,7,4,22672
1348,7,4,22687
1349,7,4,22727
1350,7,4,22891
1351,7,4,23600
1352,7,4,23706
1353,7,4,23887
1354,7,4,24292
1355,7,4,24554
1356,7,4,25046
1357,7,4,25149
1358,7,4,25207
1359,7,4,25816
1360,7,4,26251
1361,7,4,26621
1362,7,4,26793
1363,7,4,27627
1364,7,4,27720
1365,7,4,28107
1366,7,4,28808
1367,7,4,29083
1368,7,4,29106
1369,7,4,29321
1370,7,4,29519
1371,7,4,29708
1372,7,4,29871
1373,7,4,30020
1374,7,4,30146
1375,7,4,30395
1376,7,4,30607
1377,7,4,31318
1378,7,4,31964
1379,7,4,32047
1380,7,4,32159
1381,7,4,32530
1382,7,4,33252
1383,7,4,33577
1384,7,4,34506
1385,7,4,34635
1386,7,4,35311
1387,7,4,35425
1388,7,4,35507
1389,7,4,35538
1390,7,4,35620
1391,7,4,35708
1392,7,4,35867
1393,7,4,35981
1394,7,4,36384
1395,7,4,36548
1396,7,4,37038
1397,7,4,37618
1398,7,4,37739
1399,7,4,37782
1400,7,4,37813
1401,7,4,37998
1402,7,4,38133
1403,7,4,38155
1404,7,4,38206
1405,7,4,38429
1406,7,4,38453
1407,7,4,39171
1408,7,4,39509
1409,7,4,39551
1410,7,4,39991
1411,7,4,40001
1412,7,4,40073
1413,7,4,40245
1414,7,4,40326
1415,7,4,40646
1416,7,4,40655
1417,7,4,40661
1418,7,4,40767
1419,7,4,41268
1420,7,4,41285
1421,7,4,41330
1422,7,4,41334
1423,7,4,41563
1424,7,4,42581
1425,7,4,42832
1426,7,4,43011
1427,7,4,43254
1428,7,4,43317
1429,7,4,43591
1430,7,4,43671
1431,7,4,44128
1432,7,4,44135
1433,7,4,44225
1434,7,4,44281
1435,7,4,44453
1436,7,4,44583
1437,7,4,44819
1438,7,4,45756
1439,7,4,45830
1440,7,4,45943
1441,7,4,46190
1442,7,4,46192
1443,7,4,46569
1444,7,4,46837
1445,7,4,46987
1446,7,4,47098
1447,7,4,48205
1448,7,4,48618
1449,7,4,49175
1450,7,4,49244
1451,7,4,49355
1452,7,4,49439
1453,7,4,49442
1454,7,4,49609
1455,7,4,49675
1456,7,4,49687
1457,7,4,49920
1458,7,4,49974
1459,7,4,50179
1460,7,4,50479
1461,7,4,51159
1462,7,4,51327
1463,7,4,51738
1464,7,4,52238
1465,7,4,52430
1466,7,4,52913
1467,7,4,53593
1468,7,4,53598
1469,7,4,53919
1470,7,4,54060
1471,7,4,54120
1472,7,4,54151
1473,7,4,54166
1474,7,4,54374
1475,7,4,54560
1476,7,4,54574
1477,7,4,54877
1478,7,4,54958
1479,7,4,55011
1480,7,4,55119
1481,7,4,55180
1482,7,4,55318
1483,7,4,56340
1484,7,4,56539
1485,7,4,56890
1486,7,4,56928
1487,7,4,57090
1488,7,4,57144
1489,7,4,57274
1490,7,4,57321
1491,7,4,57456
1492,7,4,57635
1493,7,4,57636
1494,7,4,57815
1495,7,4,58155
1496,7,4,58180
1497,7,4,58487
1498,7,4,58518
1499,7,4,58526
1500,7,4,58621
1501,7,4,58748
1502,7,4,59029
1503,7,4,59210
1504,7,4,59244
1505,7,4,59271
1506,7,4,59289
1507,7,4,59403
1508,7,4,59837
1509,7,5,2185
1510,7,5,2194
1511,7,5,2234
1512,7,5,2864
1513,7,5,3068
1514,7,5,3635
1515,7,5,4081
1516,7,5,4995
1517,7,5,6987
1518,7,5,7204
1519,7,5,7920
1520,7,5,8155
1521,7,5,8462
1522,7,5,8570
1523,7,5,8833
1524,7,5,9636
1525,7,5,9777
1526,7,5,9975
1527,7,5,10223
1528,7,5,10348
1529,7,5,11100
1530,7,5,11468
1531,7,5,12006
1532,7,5,12182
1533,7,5,13208
1534,7,5,14394
1535,7,5,14764
1536,7,5,16427
1537,7,5,16643
1538,7,5,17066
1539,7,5,18118
1540,7,5,18270
1541,7,5,19428
1542,7,5,19430
1543,7,5,19521
1544,7,5,19577
1545,7,5,20065
1546,7,5,20335
1547,7,5,21047
1548,7,5,21256
1549,7,5,21518
1550,7,5,21808
1551,7,5,21819
1552,7,5,21964
1553,7,5,22555
1554,7,5,22824
1555,7,5,22896
1556,7,5,23325
1557,7,5,24151
1558,7,5,24505
1559,7,5,25058
1560,7,5,25308
1561,7,5,26289
1562,7,5,26404
1563,7,5,26672
1564,7,5,26714
1565,7,5,26740
1566,7,5,27031
1567,7,5,27597
1568,7,5,27787
1569,7,5,29034
1570,7,5,29173
1571,7,5,29369
1572,7,5,29585
1573,7,5,29719
1574,7,5,30027
1575,7,5,30939
1576,7,5,31238
1577,7,5,32092
1578,7,5,32170
1579,7,5,32776
1580,7,5,33078
1581,7,5,33443
1582,7,5,33639
1583,7,5,34844
1584,7,5,35318
1585,7,5,35400
1586,7,5,36506
1587,7,5,37580
1588,7,5,38028
1589,7,5,38632
1590,7,5,38641
1591,7,5,39135
1592,7,5,39388
1593,7,5,40500
1594,7,5,40674
1595,7,5,41522
1596,7,5,42761
1597,7,5,43524
1598,7,5,43714
1599,7,5,43942
1600,7,5,43994
1601,7,5,44284
1602,7,5,44290
1603,7,5,44545
1604,7,5,44971
1605,7,5,45514
1606,7,5,45853
1607,7,5,46432
1608,7,5,46697
1609,7,5,47448
1610,7,5,48440
1611,7,5,48614
1612,7,5,49343
1613,7,5,50219
1614,7,5,50230
1615,7,5,50719
1616,7,5,50862
1617,7,5,51248
1618,7,5,51330
1619,7,5,51340
1620,7,5,51363
1621,7,5,52049
1622,7,5,52374
1623,7,5,52973
1624,7,5,53058
1625,7,5,53217
1626,7,5,53644
1627,7,5,53750
1628,7,5,54599
1629,7,5,55014
1630,7,5,56195
1631,7,5,56491
1632,7,5,56893
1633,7,5,57015
1634,7,5,58556
1635,7,5,59683
1636,7,6,294
1637,7,6,679
1638,7,6,694
1639,7,6,713
1640,7,6,926
1641,7,6,995
1642,7,6,1204
1643,7,6,1491
1644,7,6,2001
1645,7,6,2686
1646,7,6,3285
1647,7,6,3619
1648,7,6,4508
1649,7,6,4561
1650,7,6,5101
1651,7,6,5224
1652,7,6,5613
1653,7,6,5885
1654,7,6,6098
1655,7,6,6279
1656,7,6,6372
1657,7,6,6690
1658,7,6,6825
1659,7,6,7040
1660,7,6,7262
1661,7,6,7796
1662,7,6,7861
1663,7,6,7892
1664,7,6,8157
1665,7,6,8489
1666,7,6,8996
1667,7,6,9056
1668,7,6,9154
1669,7,6,9240
1670,7,6,9521
1671,7,6,9906
1672,7,6,10001
1673,7,6,10900
1674,7,6,11040
1675,7,6,11464
1676,7,6,11512
1677,7,6,11688
1678,7,6,11972
1679,7,6,11984
1680,7,6,13001
1681,7,6,13279
1682,7,6,13301
1683,7,6,13509
1684,7,6,13515
1685,7,6,13823
1686,7,6,13904
1687,7,6,14309
1688,7,6,15065
1689,7,6,15341
1690,7,6,15457
1691,7,6,15540
1692,7,6,16252
1693,7,6,16413
1694,7,6,16811
1695,7,6,16842
1696,7,6,16885
1697,7,6,17385
1698,7,6,17533
1699,7,6,17724
1700,7,6,18301
1701,7,6,18408
1702,7,6,18786
1703,7,6,19323
1704,7,6,20503
1705,7,6,20567
1706,7,6,20720
1707,7,6,20747
1708,7,6,20899
1709,7,6,21074
1710,7,6,21116
1711,7,6,21151
1712,7,6,21666
1713,7,6,21718
1714,7,6,21775
1715,7,6,22030
1716,7,6,22491
1717,7,6,22543
1718,7,6,22833
1719,7,6,22840
1720,7,6,23008
1721,7,6,23015
1722,7,6,23050
1723,7,6,23138
1724,7,6,23499
1725,7,6,23609
1726,7,6,23737
1727,7,6,24540
1728,7,6,24834
1729,7,6,24975
1730,7,6,25297
1731,7,6,25987
1732,7,6,26170
1733,7,6,26605
1734,7,6,26968
1735,7,6,26969
1736,7,6,27494
1737,7,6,27566
1738,7,6,27734
1739,7,6,27900
1740,7,6,28436
1741,7,6,28769
1742,7,6,28770
1743,7,6,28996
1744,7,6,29137
1745,7,6,29198
1746,7,6,29224
1747,7,6,29290
1748,7,6,29524
1749,7,6,29529
1750,7,6,29837
1751,7,6,30062
1752,7,6,30344
1753,7,6,30942
1754,7,6,31102
1755,7,6,31237
1756,7,6,31307
1757,7,6,31680
1758,7,6,32172
1759,7,6,32420
1760,7,6,32508
1761,7,6,32798
1762,7,6,32801
1763,7,6,32969
1764,7,6,33154
1765,7,6,33402
1766,7,6,33658
1767,7,6,34377
1768,7,6,34415
1769,7,6,34622
1770,7,6,34700
1771,7,6,35410
1772,7,6,36058
1773,7,6,36310
1774,7,6,36430
1775,7,6,36489
1776,7,6,36606
1777,7,6,37079
1778,7,6,37447
1779,7,6,38281
1780,7,6,38351
1781,7,6,38594
1782,7,6,38745
1783,7,6,39061
1784,7,6,39148
1785,7,6,39163
1786,7,6,39241
1787,7,6,39479
1788,7,6,39481
1789,7,6,40145
1790,7,6,40237
1791,7,6,40238
1792,7,6,40293
1793,7,6,40489
1794,7,6,40493
1795,7,6,40715
1796,7,6,41088
1797,7,6,41320
1798,7,6,41539
1799,7,6,41679
1800,7,6,41705
1801,7,6,41785
1802,7,6,41888
1803,7,6,42504
1804,7,6,42674
1805,7,6,43237
1806,7,6,43277
1807,7,6,43728
1808,7,6,44079
1809,7,6,44205
1810,7,6,44950
1811,7,6,44960
1812,7,6,45167
1813,7,6,45483
1814,7,6,45502
1815,7,6,45557
1816,7,6,45581
1817,7,6,45649
1818,7,6,45658
1819,7,6,46404
1820,7,6,46549
1821,7,6,46629
1822,7,6,46726
1823,7,6,46888
1824,7,6,47224
1825,7,6,47520
1826,7,6,48005
1827,7,6,48175
1828,7,6,48405
1829,7,6,48780
1830,7,6,49060
1831,7,6,49075
1832,7,6,49363
1833,7,6,49537
1834,7,6,49585
1835,7,6,50069
1836,7,6,50110
1837,7,6,50412
1838,7,6,50417
1839,7,6,50507
1840,7,6,51092
1841,7,6,51093
1842,7,6,51312
1843,7,6,51495
1844,7,6,51863
1845,7,6,51865
1846,7,6,52170
1847,7,6,52215
1848,7,6,52428
1849,7,6,52706
1850,7,6,52779
1851,7,6,53090
1852,7,6,53233
1853,7,6,53436
1854,7,6,53950
1855,7,6,54364
1856,7,6,55179
1857,7,6,56135
1858,7,6,56360
1859,7,6,56393
1860,7,6,56659
1861,7,6,56835
1862,7,6,56936
1863,7,6,57095
1864,7,6,58069
1865,7,6,58329
1866,7,6,58685
1867,7,6,59255
1868,7,6,59395
1869,7,6,59512
1870,7,6,59640
1871,7,7,221
1872,7,7,355
1873,7,7,548
1874,7,7,607
1875,7,7,908
1876,7,7,913
1877,7,7,1029
1878,7,7,1309
1879,7,7,1392
1880,7,7,1782
1881,7,7,1811
1882,7,7,1816
1883,7,7,1899
1884,7,7,1908
1885,7,7,2029
1886,7,7,2090
1887,7,7,2385
1888,7,7,2509
1889,7,7,2606
1890,7,7,2634
1891,7,7,3172
1892,7,7,3458
1893,7,7,3569
1894,7,7,3726
1895,7,7,3771
1896,7,7,4203
1897,7,7,5509
1898,7,7,5633
1899,7,7,5800
1900,7,7,5823
1901,7,7,5880
1902,7,7,5966
1903,7,7,6137
1904,7,7,6164
1905,7,7,6627
1906,7,7,7120
1907,7,7,7250
1908,7,7,7268
1909,7,7,7478
1910,7,7,8429
1911,7,7,9004
1912,7,7,9140
1913,7,7,9528
1914,7,7,9705
1915,7,7,10142
1916,7,7,10258
1917,7,7,10305
1918,7,7,10495
1919,7,7,11792
1920,7,7,14478
1921,7,7,14868
1922,7,7,15295
1923,7,7,16123
1924,7,7,16145
1925,7,7,16215
1926,7,7,16268
1927,7,7,17244
1928,7,7,17246
1929,7,7,17777
1930,7,7,17990
1931,7,7,18060
1932,7,7,18174
1933,7,7,18204
1934,7,7,19483
1935,7,7,19518
1936,7,7,19944
1937,7,7,20070
1938,7,7,20602
1939,7,7,20607
1940,7,7,20779
1941,7,7,21987
1942,7,7,22269
1943,7,7,22463
1944,7,7,23360
1945,7,7,24094
1946,7,7,24209
1947,7,7,24319
1948,7,7,24428
1949,7,7,25024
1950,7,7,25139
1951,7,7,25710
1952,7,7,25898
1953,7,7,26315
1954,7,7,26349
1955,7,7,26382
1956,7,7,26647
1957,7,7,26649
1958,7,7,26872
1959,7,7,27176
1960,7,7,27283
1961,7,7,27390
1962,7,7,27394
1963,7,7,28139
1964,7,7,28166
1965,7,7,28654
1966,7,7,28841
1967,7,7,28842
1968,7,7,29279
1969,7,7,29415
1970,7,7,29441
1971,7,7,29555
1972,7,7,29997
1973,7,7,30322
1974,7,7,30333
1975,7,7,30575
1976,7,7,30919
1977,7,7,30943
1978,7,7,31034
1979,7,7,31108
1980,7,7,31169
1981,7,7,31183
1982,7,7,32192
1983,7,7,32360
1984,7,7,32577
1985,7,7,32614
1986,7,7,32632
1987,7,7,32689
1988,7,7,33980
1989,7,7,33992
1990,7,7,34318
1991,7,7,34591
1992,7,7,34931
1993,7,7,35017
1994,7,7,35159
1995,7,7,35487
1996,7,7,35582
1997,7,7,36003
1998,7,7,36481
1999,7,7,36738
2000,7,7,36751
2001,7,7,37044
2002,7,7,37495
2003,7,7,37546
2004,7,7,38020
2005,7,7,38375
2006,7,7,38449
2007,7,7,38596
2008,7,7,39189
2009,7,7,40114
2010,7,7,40778
2011,7,7,41061
2012,7,7,41281
2013,7,7,41800
2014,7,7,42345
2015,7,7,42489
2016,7,7,42609
2017,7,7,42760
2018,7,7,42857
2019,7,7,43802
2020,7,7,43818
2021,7,7,43919
2022,7,7,44062
2023,7,7,44266
2024,7,7,44499
2025,7,7,44601
2026,7,7,44872
2027,7,7,45119
2028,7,7,46214
2029,7,7,46316
2030,7,7,46921
2031,7,7,47882
2032,7,7,48117
2033,7,7,48136
2034,7,7,48169
2035,7,7,48174
2036,7,7,48360
2037,7,7,48711
2038,7,7,48908
2039,7,7,49046
2040,7,7,49563
2041,7,7,49617
2042,7,7,49672
2043,7,7,49677
2044,7,7,49957
2045,7,7,50132
2046,7,7,50184
2047,7,7,50334
2048,7,7,50583
2049,7,7,50835
2050,7,7,51214
2051,7,7,51304
2052,7,7,52452
2053,7,7,53231
2054,7,7,53531
2055,7,7,53532
2056,7,7,53591
2057,7,7,54485
2058,7,7,54754
2059,7,7,55175
2060,7,7,55463
2061,7,7,55881
2062,7,7,56010
2063,7,7,56356
2064,7,7,56503
2065,7,7,56604
2066,7,7,57158
2067,7,7,57407
2068,7,7,57487
2069,7,7,57617
2070,7,7,57625
2071,7,7,58016
2072,7,7,58052
2073,7,7,58131
2074,7,7,58233
2075,7,7,58386
2076,7,7,58540
2077,7,7,58955
2078,7,7,59554
2079,7,8,6
2080,7,8,87
2081,7,8,132
2082,7,8,138
2083,7,8,229
2084,7,8,279
2085,7,8,632
2086,7,8,636
2087,7,8,928
2088,7,8,1195
2089,7,8,1297
2090,7,8,1580
2091,7,8,1746
2092,7,8,1754
2093,7,8,1960
2094,7,8,2094
2095,7,8,2469
2096,7,8,3248
2097,7,8,3446
2098,7,8,4173
2099,7,8,4395
2100,7,8,4963
2101,7,8,5293
2102,7,8,5310
2103,7,8,5718
2104,7,8,6135
2105,7,8,6443
2106,7,8,6557
2107,7,8,7037
2108,7,8,7236
2109,7,8,7391
2110,7,8,7555
2111,7,8,7665
2112,7,8,7724
2113,7,8,8182
2114,7,8,8216
2115,7,8,8466
2116,7,8,8548
2117,7,8,8803
2118,7,8,9390
2119,7,8,9548
2120,7,8,9699
2121,7,8,10049
2122,7,8,10229
2123,7,8,10441
2124,7,8,11039
2125,7,8,11103
2126,7,8,11148
2127,7,8,11401
2128,7,8,12415
2129,7,8,12537
2130,7,8,12569
2131,7,8,13131
2132,7,8,13869
2133,7,8,13940
2134,7,8,13983
2135,7,8,14023
2136,7,8,14066
2137,7,8,14302
2138,7,8,14470
2139,7,8,14668
2140,7,8,14813
2141,7,8,15169
2142,7,8,15190
2143,7,8,15545
2144,7,8,15546
2145,7,8,15592
2146,7,8,15653
2147,7,8,15892
2148,7,8,15943
2149,7,8,15962
2150,7,8,16059
2151,7,8,16163
2152,7,8,16274
2153,7,8,16312
2154,7,8,16394
2155,7,8,16425
2156,7,8,16467
2157,7,8,16596
2158,7,8,16889
2159,7,8,16974
2160,7,8,17181
2161,7,8,17572
2162,7,8,17622
2163,7,8,17773
2164,7,8,17938
2165,7,8,17951
2166,7,8,18266
2167,7,8,18321
2168,7,8,18577
2169,7,8,18761
2170,7,8,19228
2171,7,8,19282
2172,7,8,19353
2173,7,8,19384
2174,7,8,19488
2175,7,8,19550
2176,7,8,19609
2177,7,8,20010
2178,7,8,20225
2179,7,8,20404
2180,7,8,20523
2181,7,8,20549
2182,7,8,20685
2183,7,8,21003
2184,7,8,21241
2185,7,8,21530
2186,7,8,21595
2187,7,8,21639
2188,7,8,21847
2189,7,8,21978
2190,7,8,22204
2191,7,8,22351
2192,7,8,22611
2193,7,8,22890
2194,7,8,23093
2195,7,8,23443
2196,7,8,23448
2197,7,8,23552
2198,7,8,23895
2199,7,8,24066
2200,7,8,24160
2201,7,8,24400
2202,7,8,24997
2203,7,8,25444
2204,7,8,25581
2205,7,8,25841
2206,7,8,26327
2207,7,8,26484
2208,7,8,27014
2209,7,8,27309
2210,7,8,27405
2211,7,8,27619
2212,7,8,27973
2213,7,8,28252
2214,7,8,29165
2215,7,8,29387
2216,7,8,29709
2217,7,8,29884
2218,7,8,30006
2219,7,8,30072
2220,7,8,30154
2221,7,8,30225
2222,7,8,30431
2223,7,8,30513
2224,7,8,30550
2225,7,8,30566
2226,7,8,30635
2227,7,8,31182
2228,7,8,31190
2229,7,8,31426
2230,7,8,31597
2231,7,8,31609
2232,7,8,31716
2233,7,8,31878
2234,7,8,32074
2235,7,8,32236
2236,7,8,32658
2237,7,8,32862
2238,7,8,33031
2239,7,8,33339
2240,7,8,33593
2241,7,8,33877
2242,7,8,34276
2243,7,8,34464
2244,7,8,34719
2245,7,8,34781
2246,7,8,34796
2247,7,8,35011
2248,7,8,35025
2249,7,8,35731
2250,7,8,35871
2251,7,8,35893
2252,7,8,36067
2253,7,8,36132
2254,7,8,36247
2255,7,8,36302
2256,7,8,36330
2257,7,8,36428
2258,7,8,36569
2259,7,8,37155
2260,7,8,37213
2261,7,8,37391
2262,7,8,37780
2263,7,8,37821
2264,7,8,38136
2265,7,8,38344
2266,7,8,38769
2267,7,8,39124
2268,7,8,39349
2269,7,8,39463
2270,7,8,39469
2271,7,8,39535
2272,7,8,39786
2273,7,8,39823
2274,7,8,39906
2275,7,8,39994
2276,7,8,40633
2277,7,8,40686
2278,7,8,40911
2279,7,8,41116
2280,7,8,41138
2281,7,8,41332
2282,7,8,41359
2283,7,8,41361
2284,7,8,41398
2285,7,8,41999
2286,7,8,42081
2287,7,8,42156
2288,7,8,42238
2289,7,8,42258
2290,7,8,42440
2291,7,8,42948
2292,7,8,43872
2293,7,8,43948
2294,7,8,44040
2295,7,8,44598
2296,7,8,44666
2297,7,8,44699
2298,7,8,44755
2299,7,8,44837
2300,7,8,45189
2301,7,8,45248
2302,7,8,45368
2303,7,8,45773
2304,7,8,45912
2305,7,8,45956
2306,7,8,46283
2307,7,8,46383
2308,7,8,46471
2309,7,8,46810
2310,7,8,46916
2311,7,8,47037
2312,7,8,47454
2313,7,8,47587
2314,7,8,47803
2315,7,8,47966
2316,7,8,48419
2317,7,8,48566
2318,7,8,48731
2319,7,8,48757
2320,7,8,48899
2321,7,8,49107
2322,7,8,49313
2323,7,8,49562
2324,7,8,49849
2325,7,8,49851
2326,7,8,50201
2327,7,8,50340
2328,7,8,50824
2329,7,8,50929
2330,7,8,51788
2331,7,8,51806
2332,7,8,52122
2333,7,8,52446
2334,7,8,52560
2335,7,8,53017
2336,7,8,53158
2337,7,8,53311
2338,7,8,53371
2339,7,8,53606
2340,7,8,53899
2341,7,8,54036
2342,7,8,54893
2343,7,8,54898
2344,7,8,55020
2345,7,8,55021
2346,7,8,55139
2347,7,8,55801
2348,7,8,55974
2349,7,8,56051
2350,7,8,56418
2351,7,8,56720
2352,7,8,56856
2353,7,8,57107
2354,7,8,57330
2355,7,8,57672
2356,7,8,57703
2357,7,8,57988
2358,7,8,58029
2359,7,8,58050
2360,7,8,58524
2361,7,8,58558
2362,7,8,58648
2363,7,8,58649
2364,7,8,58978
2365,7,8,59042
2366,7,8,59303
2367,7,9,635
2368,7,9,1247
2369,7,9,1872
2370,7,9,2188
2371,7,9,2283
2372,7,9,2566
2373,7,9,3687
2374,7,9,3840
2375,7,9,5810
2376,7,9,5938
2377,7,9,7671
2378,7,9,7776
2379,7,9,8026
2380,7,9,8592
2381,7,9,9356
2382,7,9,9589
2383,7,9,9720
2384,7,9,9995
2385,7,9,10233
2386,7,9,10753
2387,7,9,11455
2388,7,9,12276
2389,7,9,12305
2390,7,9,12459
2391,7,9,12646
2392,7,9,12796
2393,7,9,13584
2394,7,9,15416
2395,7,9,15477
2396,7,9,16092
2397,7,9,16304
2398,7,9,16530
2399,7,9,16869
2400,7,9,18008
2401,7,9,18849
2402,7,9,18866
2403,7,9,18921
2404,7,9,19259
2405,7,9,21344
2406,7,9,21489
2407,7,9,22563
2408,7,9,23132
2409,7,9,23571
2410,7,9,23975
2411,7,9,24195
2412,7,9,26077
2413,7,9,26711
2414,7,9,26791
2415,7,9,27454
2416,7,9,27924
2417,7,9,28412
2418,7,9,28639
2419,7,9,28803
2420,7,9,28906
2421,7,9,29271
2422,7,9,29308
2423,7,9,30581
2424,7,9,32096
2425,7,9,32293
2426,7,9,33355
2427,7,9,35193
2428,7,9,35912
2429,7,9,36042
2430,7,9,36203
2431,7,9,36565
2432,7,9,36719
2433,7,9,36734
2434,7,9,37412
2435,7,9,39274
2436,7,9,40917
2437,7,9,41545
2438,7,9,41947
2439,7,9,42443
2440,7,9,42771
2441,7,9,43363
2442,7,9,45225
2443,7,9,45442
2444,7,9,45457
2445,7,9,45718
2446,7,9,46073
2447,7,9,46394
2448,7,9,46988
2449,7,9,48196
2450,7,9,48448
2451,7,9,50514
2452,7,9,50769
2453,7,9,50890
2454,7,9,51543
2455,7,9,51620
2456,7,9,52343
2457,7,9,52659
2458,7,9,53107
2459,7,9,53996
2460,7,9,54344
2461,7,9,54746
2462,7,9,55855
2463,7,9,56027
2464,7,9,57112
2465,7,9,57545
2466,7,9,57651
2467,7,9,58992
2468,7,10,83
2469,7,10,836
2470,7,10,1179
2471,7,10,1422
2472,7,10,1582
2473,7,10,3848
2474,7,10,3934
2475,7,10,3959
2476,7,10,4126
2477,7,10,4146
2478,7,10,4231
2479,7,10,4352
2480,7,10,4877
2481,7,10,5646
2482,7,10,6916
2483,7,10,7317
2484,7,10,7635
2485,7,10,7706
2486,7,10,8234
2487,7,10,8256
2488,7,10,9258
2489,7,10,9303
2490,7,10,10114
2491,7,10,10589
2492,7,10,10624
2493,7,10,10870
2494,7,10,12950
2495,7,10,12962
2496,7,10,13046
2497,7,10,13211
2498,7,10,13313
2499,7,10,13395
2500,7,10,13510
2501,7,10,13784
2502,7,10,13967
2503,7,10,14282
2504,7,10,14492
2505,7,10,14558
2506,7,10,14719
2507,7,10,14912
2508,7,10,15656
2509,7,10,15882
2510,7,10,16153
2511,7,10,16373
2512,7,10,16670
2513,7,10,17021
2514,7,10,18209
2515,7,10,19431
2516,7,10,19610
2517,7,10,19733
2518,7,10,20324
2519,7,10,20511
2520,7,10,20935
2521,7,10,21236
2522,7,10,21265
2523,7,10,22154
2524,7,10,22906
2525,7,10,23602
2526,7,10,23963
2527,7,10,24042
2528,7,10,25360
2529,7,10,25632
2530,7,10,26326
2531,7,10,26424
2532,7,10,26458
2533,7,10,26573
2534,7,10,27584
2535,7,10,27754
2536,7,10,28094
2537,7,10,28244
2538,7,10,29099
2539,7,10,29791
2540,7,10,29797
2541,7,10,30544
2542,7,10,30781
2543,7,10,31998
2544,7,10,32227
2545,7,10,32553
2546,7,10,33186
2547,7,10,33331
2548,7,10,33378
2549,7,10,33774
2550,7,10,34866
2551,7,10,34937
2552,7,10,36125
2553,7,10,37072
2554,7,10,37137
2555,7,10,37242
2556,7,10,37505
2557,7,10,38088
2558,7,10,38464
2559,7,10,38896
2560,7,10,39518
2561,7,10,41978
2562,7,10,42113
2563,7,10,42145
2564,7,10,42202
2565,7,10,42332
2566,7,10,42433
2567,7,10,42437
2568,7,10,43429
2569,7,10,43677
2570,7,10,43762
2571,7,10,44236
2572,7,10,44998
2573,7,10,45553
2574,7,10,45565
2575,7,10,46171
2576,7,10,46466
2577,7,10,46978
2578,7,10,47019
2579,7,10,47102
2580,7,10,48135
2581,7,10,48930
2582,7,10,49399
2583,7,10,49557
2584,7,10,49927
2585,7,10,50005
2586,7,10,50499
2587,7,10,50785
2588,7,10,50939
2589,7,10,51106
2590,7,10,51996
2591,7,10,52109
2592,7,10,52897
2593,7,10,53091
2594,7,10,53432
2595,7,10,53472
2596,7,10,54102
2597,7,10,54196
2598,7,10,54239
2599,7,10,54308
2600,7,10,54320
2601,7,10,54907
2602,7,10,54971
2603,7,10,55384
2604,7,10,55618
2605,7,10,55835
2606,7,10,56126
2607,7,10,56259
2608,7,10,56404
2609,7,10,57113
2610,7,10,57867
2611,7,10,58383
2612,7,10,59329
2613,7,11,382
2614,7,11,518
2615,7,11,547
2616,7,11,798
2617,7,11,856
2618,7,11,974
2619,7,11,1075
2620,7,11,1105
2621,7,11,1138
2622,7,11,1224
2623,7,11,1474
2624,7,11,1517
2625,7,11,1570
2626,7,11,1697
2627,7,11,1891
2628,7,11,2648
2629,7,11,2665
2630,7,11,2690
2631,7,11,2771
2632,7,11,2835
2633,7,11,3211
2634,7,11,3330
2635,7,11,3803
2636,7,11,3827
2637,7,11,4021
2638,7,11,4142
2639,7,11,4551
2640,7,11,5126
2641,7,11,5142
2642,7,11,5302
2643,7,11,5500
2644,7,11,6180
2645,7,11,6228
2646,7,11,6462
2647,7,11,6676
2648,7,11,6932
2649,7,11,7052
2650,7,11,7429
2651,7,11,8267
2652,7,11,8696
2653,7,11,8999
2654,7,11,9443
2655,7,11,9449
2656,7,11,9517
2657,7,11,9561
2658,7,11,9850
2659,7,11,10037
2660,7,11,10051
2661,7,11,10342
2662,7,11,10603
2663,7,11,10680
2664,7,11,10854
2665,7,11,11255
2666,7,11,11293
2667,7,11,11763
2668,7,11,11879
2669,7,11,11943
2670,7,11,12320
2671,7,11,12375
2672,7,11,12694
2673,7,11,12845
2674,7,11,13012
2675,7,11,13258
2676,7,11,13433
2677,7,11,13554
2678,7,11,13643
2679,7,11,13755
2680,7,11,13863
2681,7,11,14258
2682,7,11,14616
2683,7,11,14629
2684,7,11,14873
2685,7,11,14977
2686,7,11,15225
2687,7,11,15578
2688,7,11,15812
2689,7,11,15871
2690,7,11,16110
2691,7,11,16308
2692,7,11,17440
2693,7,11,17733
2694,7,11,17787
2695,7,11,18508
2696,7,11,18521
2697,7,11,18556
2698,7,11,18571
2699,7,11,18624
2700,7,11,18696
2701,7,11,18763
2702,7,11,18768
2703,7,11,18769
2704,7,11,19773
2705,7,11,19782
2706,7,11,19966
2707,7,11,20000
2708,7,11,20130
2709,7,11,20226
2710,7,11,20277
2711,7,11,20605
2712,7,11,20631
2713,7,11,20828
2714,7,11,21008
2715,7,11,21205
2716,7,11,21291
2717,7,11,21304
2718,7,11,21315
2719,7,11,21325
2720,7,11,21449
2721,7,11,21474
2722,7,11,21594
2723,7,11,21691
2724,7,11,21756
2725,7,11,21794
2726,7,11,21806
2727,7,11,21873
2728,7,11,22123
2729,7,11,22225
2730,7,11,22341
2731,7,11,23033
2732,7,11,23816
2733,7,11,23892
2734,7,11,23926
2735,7,11,24140
2736,7,11,24427
2737,7,11,24626
2738,7,11,25004
2739,7,11,25125
2740,7,11,25259
2741,7,11,25514
2742,7,11,25613
2743,7,11,25716
2744,7,11,25774
2745,7,11,25831
2746,7,11,25958
2747,7,11,25973
2748,7,11,26097
2749,7,11,26411
2750,7,11,26578
2751,7,11,26669
2752,7,11,26825
2753,7,11,26859
2754,7,11,27617
2755,7,11,27620
2756,7,11,27662
2757,7,11,27692
2758,7,11,27862
2759,7,11,28710
2760,7,11,28794
2761,7,11,29130
2762,7,11,29156
2763,7,11,29293
2764,7,11,29357
2765,7,11,29404
2766,7,11,29495
2767,7,11,29684
2768,7,11,29714
2769,7,11,30002
2770,7,11,30086
2771,7,11,30189
2772,7,11,30308
2773,7,11,30365
2774,7,11,30399
2775,7,11,30585
2776,7,11,30798
2777,7,11,31015
2778,7,11,31027
2779,7,11,31357
2780,7,11,31383
2781,7,11,31384
2782,7,11,31604
2783,7,11,31861
2784,7,11,31963
2785,7,11,32867
2786,7,11,33231
2787,7,11,33255
2788,7,11,33459
2789,7,11,33599
2790,7,11,33885
2791,7,11,33931
2792,7,11,33999
2793,7,11,34002
2794,7,11,34029
2795,7,11,34194
2796,7,11,34470
2797,7,11,34559
2798,7,11,34629
2799,7,11,34860
2800,7,11,34914
2801,7,11,35609
2802,7,11,36008
2803,7,11,36266
2804,7,11,36392
2805,7,11,36480
2806,7,11,36594
2807,7,11,37218
2808,7,11,37227
2809,7,11,37568
2810,7,11,37624
2811,7,11,37719
2812,7,11,37814
2813,7,11,37888
2814,7,11,37952
2815,7,11,37984
2816,7,11,38644
2817,7,11,38795
2818,7,11,39081
2819,7,11,39107
2820,7,11,39132
2821,7,11,39506
2822,7,11,39645
2823,7,11,39746
2824,7,11,39759
2825,7,11,39922
2826,7,11,40213
2827,7,11,40354
2828,7,11,40759
2829,7,11,40803
2830,7,11,41074
2831,7,11,41381
2832,7,11,41503
2833,7,11,41948
2834,7,11,42005
2835,7,11,42179
2836,7,11,42542
2837,7,11,43008
2838,7,11,43806
2839,7,11,43881
2840,7,11,44399
2841,7,11,44668
2842,7,11,44803
2843,7,11,45211
2844,7,11,45309
2845,7,11,45788
2846,7,11,45903
2847,7,11,46334
2848,7,11,46545
2849,7,11,46766
2850,7,11,46849
2851,7,11,47287
2852,7,11,47408
2853,7,11,47607
2854,7,11,47705
2855,7,11,47729
2856,7,11,47747
2857,7,11,47858
2858,7,11,48149
2859,7,11,48238
2860,7,11,48247
2861,7,11,48280
2862,7,11,48461
2863,7,11,48924
2864,7,11,49153
2865,7,11,49278
2866,7,11,50094
2867,7,11,50353
2868,7,11,50590
2869,7,11,51058
2870,7,11,51978
2871,7,11,51981
2872,7,11,51993
2873,7,11,52133
2874,7,11,52239
2875,7,11,52634
2876,7,11,53196
2877,7,11,53385
2878,7,11,53487
2879,7,11,53510
2880,7,11,54037
2881,7,11,54087
2882,7,11,54847
2883,7,11,54957
2884,7,11,55027
2885,7,11,55245
2886,7,11,55365
2887,7,11,55561
2888,7,11,56013
2889,7,11,56440
2890,7,11,56619
2891,7,11,56749
2892,7,11,56866
2893,7,11,57028
2894,7,11,57102
2895,7,11,57165
2896,7,11,58010
2897,7,11,58102
2898,7,11,58157
2899,7,11,58796
2900,7,11,59482
2901,7,11,59951
2902,7,12,1701
2903,7,12,2580
2904,7,12,4799
2905,7,12,5452
2906,7,12,5782
2907,7,12,6332
2908,7,12,7528
2909,7,12,7789
2910,7,12,8623
2911,7,12,8737
2912,7,12,8774
2913,7,12,10232
2914,7,12,10452
2915,7,12,10862
2916,7,12,11283
2917,7,12,11666
2918,7,12,12184
2919,7,12,12564
2920,7,12,12783
2921,7,12,13884
2922,7,12,13886
2923,7,12,15160
2924,7,12,15715
2925,7,12,16047
2926,7,12,17208
2927,7,12,18285
2928,7,12,19367
2929,7,12,19766
2930,7,12,20132
2931,7,12,20460
2932,7,12,20532
2933,7,12,20913
2934,7,12,21117
2935,7,12,21660
2936,7,12,21930
2937,7,12,22258
2938,7,12,22803
2939,7,12,22845
2940,7,12,22874
2941,7,12,23126
2942,7,12,23261
2943,7,12,23281
2944,7,12,24017
2945,7,12,24280
2946,7,12,26329
2947,7,12,26836
2948,7,12,28352
2949,7,12,29528
2950,7,12,30236
2951,7,12,30744
2952,7,12,31394
2953,7,12,31494
2954,7,12,32189
2955,7,12,34382
2956,7,12,35059
2957,7,12,35918
2958,7,12,37507
2959,7,12,37695
2960,7,12,38341
2961,7,12,38841
2962,7,12,39304
2963,7,12,39503
2964,7,12,39684
2965,7,12,39768
2966,7,12,40230
2967,7,12,41579
2968,7,12,41672
2969,7,12,42197
2970,7,12,42264
2971,7,12,43060
2972,7,12,43596
2973,7,12,43783
2974,7,12,43901
2975,7,12,44543
2976,7,12,44612
2977,7,12,44789
2978,7,12,45157
2979,7,12,46007
2980,7,12,46106
2981,7,12,46179
2982,7,12,46397
2983,7,12,46574
2984,7,12,46977
2985,7,12,47200
2986,7,12,47600
2987,7,12,48090
2988,7,12,48473
2989,7,12,48548
2990,7,12,48640
2991,7,12,49994
2992,7,12,50985
2993,7,12,50999
2994,7,12,51229
2995,7,12,53173
2996,7,12,54213
2997,7,12,54273
2998,7,12,55364
2999,7,12,56766
3000,7,12,56972
3001,7,12,57393
3002,7,12,58480
3003,7,12,58907
3004,7,12,59126
3005,7,12,59865
3006,7,13,85
3007,7,13,288
3008,7,13,629
3009,7,13,821
3010,7,13,1023
3011,7,13,1736
3012,7,13,1893
3013,7,13,1941
3014,7,13,2380
3015,7,13,2567
3016,7,13,3819
3017,7,13,3867
3018,7,13,3886
3019,7,13,4329
3020,7,13,4887
3021,7,13,4899
3022,7,13,5071
3023,7,13,5220
3024,7,13,5566
3025,7,13,5567
3026,7,13,5689
3027,7,13,5857
3028,7,13,6566
3029,7,13,7033
3030,7,13,7492
3031,7,13,7805
3032,7,13,7812
3033,7,13,8392
3034,7,13,8447
3035,7,13,8609
3036,7,13,8698
3037,7,13,9190
3038,7,13,9236
3039,7,13,9396
3040,7,13,10482
3041,7,13,10521
3042,7,13,10891
3043,7,13,11835
3044,7,13,12298
3045,7,13,12401
3046,7,13,12483
3047,7,13,13042
3048,7,13,13173
3049,7,13,13228
3050,7,13,13989
3051,7,13,14205
3052,7,13,14795
3053,7,13,15424
3054,7,13,15810
3055,7,13,15839
3056,7,13,15912
3057,7,13,15977
3058,7,13,16136
3059,7,13,16987
3060,7,13,17193
3061,7,13,18660
3062,7,13,18711
3063,7,13,19052
3064,7,13,19172
3065,7,13,19229
3066,7,13,19406
3067,7,13,19601
3068,7,13,19614
3069,7,13,20032
3070,7,13,20609
3071,7,13,20656
3072,7,13,21067
3073,7,13,21360
3074,7,13,21674
3075,7,13,22235
3076,7,13,22372
3077,7,13,22522
3078,7,13,22615
3079,7,13,22635
3080,7,13,22856
3081,7,13,23064
3082,7,13,23172
3083,7,13,23701
3084,7,13,23707
3085,7,13,24118
3086,7,13,24147
3087,7,13,25201
3088,7,13,25212
3089,7,13,25539
3090,7,13,25652
3091,7,13,26443
3092,7,13,26465
3093,7,13,26490
3094,7,13,26515
3095,7,13,26715
3096,7,13,26727
3097,7,13,27229
3098,7,13,27291
3099,7,13,27384
3100,7,13,27497
3101,7,13,27933
3102,7,13,27970
3103,7,13,28299
3104,7,13,28544
3105,7,13,28629
3106,7,13,28714
3107,7,13,29076
3108,7,13,30217
3109,7,13,30447
3110,7,13,30721
3111,7,13,30782
3112,7,13,30899
3113,7,13,31150
3114,7,13,31277
3115,7,13,31353
3116,7,13,32318
3117,7,13,32789
3118,7,13,32817
3119,7,13,33104
3120,7,13,33871
3121,7,13,33898
3122,7,13,34147
3123,7,13,34205
3124,7,13,34313
3125,7,13,34658
3126,7,13,34677
3127,7,13,34732
3128,7,13,34850
3129,7,13,35004
3130,7,13,35901
3131,7,13,36187
3132,7,13,36491
3133,7,13,36661
3134,7,13,36900
3135,7,13,37289
3136,7,13,37566
3137,7,13,37847
3138,7,13,37923
3139,7,13,38083
3140,7,13,38213
3141,7,13,38525
3142,7,13,38528
3143,7,13,38824
3144,7,13,39408
3145,7,13,39499
3146,7,13,39670
3147,7,13,39679
3148,7,13,39788
3149,7,13,39887
3150,7,13,40034
3151,7,13,40289
3152,7,13,40593
3153,7,13,40995
3154,7,13,40997
3155,7,13,41750
3156,7,13,41811
3157,7,13,42411
3158,7,13,43034
3159,7,13,43358
3160,7,13,43662
3161,7,13,43749
3162,7,13,44058
3163,7,13,44147
3164,7,13,44286
3165,7,13,44345
3166,7,13,44987
3167,7,13,45504
3168,7,13,45839
3169,7,13,46019
3170,7,13,46054
3171,7,13,46132
3172,7,13,46561
3173,7,13,46819
3174,7,13,46858
3175,7,13,47126
3176,7,13,47248
3177,7,13,47405
3178,7,13,47422
3179,7,13,47470
3180,7,13,47998
3181,7,13,48459
3182,7,13,48536
3183,7,13,48817
3184,7,13,49546
3185,7,13,50774
3186,7,13,51226
3187,7,13,51697
3188,7,13,51994
3189,7,13,52057
3190,7,13,52493
3191,7,13,52521
3192,7,13,52577
3193,7,13,52809
3194,7,13,52906
3195,7,13,52938
3196,7,13,53014
3197,7,13,53099
3198,7,13,53132
3199,7,13,53590
3200,7,13,53681
3201,7,13,53857
3202,7,13,54162
3203,7,13,54450
3204,7,13,55633
3205,7,13,55991
3206,7,13,56501
3207,7,13,56649
3208,7,13,57442
3209,7,13,57855
3210,7,13,58228
3211,7,13,58367
3212,7,13,58454
3213,7,13,58715
3214,7,13,59808
3215,7,13,59850
3216,7,14,904
3217,7,14,1349
3218,7,14,1501
3219,7,14,1690
3220,7,14,2111
3221,7,14,2571
3222,7,14,2767
3223,7,14,3122
3224,7,14,3431
3225,7,14,3586
3226,7,14,3651
3227,7,14,5089
3228,7,14,5756
3229,7,14,6294
3230,7,14,6394
3231,7,14,6479
3232,7,14,6963
3233,7,14,7057
3234,7,14,9404
3235,7,14,9470
3236,7,14,9735
3237,7,14,9736
3238,7,14,10098
3239,7,14,10220
3240,7,14,11437
3241,7,14,12187
3242,7,14,12768
3243,7,14,13482
3244,7,14,13962
3245,7,14,14351
3246,7,14,14542
3247,7,14,14808
3248,7,14,14947
3249,7,14,15214
3250,7,14,15802
3251,7,14,16381
3252,7,14,16528
3253,7,14,16668
3254,7,14,17621
3255,7,14,18150
3256,7,14,18197
3257,7,14,20455
3258,7,14,20540
3259,7,14,20954
3260,7,14,21665
3261,7,14,22158
3262,7,14,22390
3263,7,14,22743
3264,7,14,23466
3265,7,14,23563
3266,7,14,23777
3267,7,14,23966
3268,7,14,25209
3269,7,14,25372
3270,7,14,26084
3271,7,14,26203
3272,7,14,26387
3273,7,14,26732
3274,7,14,27557
3275,7,14,27723
3276,7,14,29600
3277,7,14,30046
3278,7,14,31134
3279,7,14,31424
3280,7,14,33050
3281,7,14,33199
3282,7,14,33824
3283,7,14,35691
3284,7,14,35898
3285,7,14,36403
3286,7,14,36513
3287,7,14,37220
3288,7,14,37283
3289,7,14,37950
3290,7,14,38523
3291,7,14,38865
3292,7,14,39047
3293,7,14,39620
3294,7,14,39626
3295,7,14,40084
3296,7,14,40971
3297,7,14,42121
3298,7,14,42272
3299,7,14,42365
3300,7,14,43572
3301,7,14,43809
3302,7,14,43992
3303,7,14,45325
3304,7,14,45517
3305,7,14,45990
3306,7,14,46100
3307,7,14,47205
3308,7,14,47387
3309,7,14,48263
3310,7,14,48371
3311,7,14,48981
3312,7,14,49415
3313,7,14,49586
3314,7,14,50113
3315,7,14,50308
3316,7,14,50520
3317,7,14,50857
3318,7,14,50869
3319,7,14,50901
3320,7,14,51509
3321,7,14,51845
3322,7,14,52158
3323,7,14,52384
3324,7,14,53025
3325,7,14,53073
3326,7,14,53189
3327,7,14,53346
3328,7,14,53627
3329,7,14,53643
3330,7,14,53960
3331,7,14,54718
3332,7,14,55041
3333,7,14,56223
3334,7,14,56281
3335,7,14,59537
3336,7,14,59540
3337,7,14,59852
3338,7,14,59979
3339,7,15,366
3340,7,15,1055
3341,7,15,1447
3342,7,15,2791
3343,7,15,2906
3344,7,15,3555
3345,7,15,4183
3346,7,15,4433
3347,7,15,4571
3348,7,15,4613
3349,7,15,5343
3350,7,15,5523
3351,7,15,5562
3352,7,15,5571
3353,7,15,6851
3354,7,15,7621
3355,7,15,9191
3356,7,15,9220
3357,7,15,9428
3358,7,15,10807
3359,7,15,10883
3360,7,15,11800
3361,7,15,11946
3362,7,15,12465
3363,7,15,14007
3364,7,15,14227
3365,7,15,14714
3366,7,15,15125
3367,7,15,15235
3368,7,15,15338
3369,7,15,15613
3370,7,15,15920
3371,7,15,16647
3372,7,15,16711
3373,7,15,16938
3374,7,15,17227
3375,7,15,17229
3376,7,15,17291
3377,7,15,17420
3378,7,15,19455
3379,7,15,19970
3380,7,15,20110
3381,7,15,21766
3382,7,15,22492
3383,7,15,23218
3384,7,15,23492
3385,7,15,23996
3386,7,15,24668
3387,7,15,24890
3388,7,15,24897
3389,7,15,25241
3390,7,15,25385
3391,7,15,26657
3392,7,15,27141
3393,7,15,27496
3394,7,15,27964
3395,7,15,27996
3396,7,15,28275
3397,7,15,28476
3398,7,15,28637
3399,7,15,28676
3400,7,15,29000
3401,7,15,29764
3402,7,15,29906
3403,7,15,30023
3404,7,15,30073
3405,7,15,30371
3406,7,15,30481
3407,7,15,30684
3408,7,15,31067
3409,7,15,31304
3410,7,15,31754
3411,7,15,31842
3412,7,15,32502
3413,7,15,32615
3414,7,15,32858
3415,7,15,33190
3416,7,15,33941
3417,7,15,34507
3418,7,15,35715
3419,7,15,35784
3420,7,15,35816
3421,7,15,36135
3422,7,15,36935
3423,7,15,37102
3424,7,15,37243
3425,7,15,37991
3426,7,15,38197
3427,7,15,38922
3428,7,15,39328
3429,7,15,40923
3430,7,15,41012
3431,7,15,41172
3432,7,15,41720
3433,7,15,41842
3434,7,15,41965
3435,7,15,42309
3436,7,15,42700
3437,7,15,42966
3438,7,15,44270
3439,7,15,44954
3440,7,15,45324
3441,7,15,45911
3442,7,15,47236
3443,7,15,47316
3444,7,15,47602
3445,7,15,48010
3446,7,15,48111
3447,7,15,48213
3448,7,15,48555
3449,7,15,49102
3450,7,15,49346
3451,7,15,49993
3452,7,15,50084
3453,7,15,50242
3454,7,15,50551
3455,7,15,50990
3456,7,15,51332
3457,7,15,51856
3458,7,15,51919
3459,7,15,52315
3460,7,15,53241
3461,7,15,54045
3462,7,15,54441
3463,7,15,54815
3464,7,15,55387
3465,7,15,56017
3466,7,15,56943
3467,7,15,57296
3468,7,15,57478
3469,7,15,57585
3470,7,15,58232
3471,7,15,58288
3472,7,15,59043
3473,7,16,52
3474,7,16,319
3475,7,16,618
3476,7,16,937
3477,7,16,1213
3478,7,16,1441
3479,7,16,2376
3480,7,16,2631
3481,7,16,2769
3482,7,16,2828
3483,7,16,2925
3484,7,16,3084
3485,7,16,3206
3486,7,16,3213
3487,7,16,3384
3488,7,16,3515
3489,7,16,3583
3490,7,16,4097
3491,7,16,4217
3492,7,16,4686
3493,7,16,4708
3494,7,16,4925
3495,7,16,5183
3496,7,16,5276
3497,7,16,5304
3498,7,16,5536
3499,7,16,5676
3500,7,16,5744
3501,7,16,6222
3502,7,16,6340
3503,7,16,6698
3504,7,16,6952
3505,7,16,7088
3506,7,16,7091
3507,7,16,7139
3508,7,16,7187
3509,7,16,7412
3510,7,16,7566
3511,7,16,7589
3512,7,16,7934
3513,7,16,8121
3514,7,16,8190
3515,7,16,8501
3516,7,16,8535
3517,7,16,8611
3518,7,16,8835
3519,7,16,8983
3520,7,16,9060
3521,7,16,9331
3522,7,16,9389
3523,7,16,9542
3524,7,16,10572
3525,7,16,11157
3526,7,16,11203
3527,7,16,11213
3528,7,16,11229
3529,7,16,11278
3530,7,16,11491
3531,7,16,11545
3532,7,16,11876
3533,7,16,12230
3534,7,16,12313
3535,7,16,12317
3536,7,16,12529
3537,7,16,12690
3538,7,16,12752
3539,7,16,12973
3540,7,16,13013
3541,7,16,13175
3542,7,16,13223
3543,7,16,13281
3544,7,16,13334
3545,7,16,13367
3546,7,16,13572
3547,7,16,13614
3548,7,16,13728
3549,7,16,13732
3550,7,16,14042
3551,7,16,14334
3552,7,16,14461
3553,7,16,14543
3554,7,16,14602
3555,7,16,14973
3556,7,16,15168
3557,7,16,15377
3558,7,16,15550
3559,7,16,15814
3560,7,16,16019
3561,7,16,16069
3562,7,16,16175
3563,7,16,16374
3564,7,16,16589
3565,7,16,16656
3566,7,16,16793
3567,7,16,16988
3568,7,16,17082
3569,7,16,17356
3570,7,16,17441
3571,7,16,17448
3572,7,16,18144
3573,7,16,18495
3574,7,16,18993
3575,7,16,19302
3576,7,16,19416
3577,7,16,19505
3578,7,16,19630
3579,7,16,19678
3580,7,16,19739
3581,7,16,19879
3582,7,16,20272
3583,7,16,20445
3584,7,16,20505
3585,7,16,20626
3586,7,16,20829
3587,7,16,20933
3588,7,16,21027
3589,7,16,21208
3590,7,16,21701
3591,7,16,21725
3592,7,16,21758
3593,7,16,21900
3594,7,16,22675
3595,7,16,22771
3596,7,16,22848
3597,7,16,22880
3598,7,16,23063
3599,7,16,23418
3600,7,16,23550
3601,7,16,23967
3602,7,16,24132
3603,7,16,24352
3604,7,16,24490
3605,7,16,24512
3606,7,16,25118
3607,7,16,25861
3608,7,16,26102
3609,7,16,26110
3610,7,16,26122
3611,7,16,26129
3612,7,16,26145
3613,7,16,26391
3614,7,16,26665
3615,7,16,26866
3616,7,16,26914
3617,7,16,27008
3618,7,16,27069
3619,7,16,27312
3620,7,16,27718
3621,7,16,27816
3622,7,16,28588
3623,7,16,28609
3624,7,16,29282
3625,7,16,29352
3626,7,16,29410
3627,7,16,29447
3628,7,16,29632
3629,7,16,30164
3630,7,16,30299
3631,7,16,30517
3632,7,16,30841
3633,7,16,30853
3634,7,16,31103
3635,7,16,31761
3636,7,16,31911
3637,7,16,31924
3638,7,16,32266
3639,7,16,32396
3640,7,16,32477
3641,7,16,32481
3642,7,16,32580
3643,7,16,32764
3644,7,16,32975
3645,7,16,33185
3646,7,16,33389
3647,7,16,33513
3648,7,16,33614
3649,7,16,33882
3650,7,16,34341
3651,7,16,34444
3652,7,16,34570
3653,7,16,34799
3654,7,16,35121
3655,7,16,35377
3656,7,16,35395
3657,7,16,35667
3658,7,16,35812
3659,7,16,35832
3660,7,16,36005
3661,7,16,36121
3662,7,16,36543
3663,7,16,36614
3664,7,16,37048
3665,7,16,37086
3666,7,16,37126
3667,7,16,37405
3668,7,16,37879
3669,7,16,37909
3670,7,16,37983
3671,7,16,38128
3672,7,16,38285
3673,7,16,38299
3674,7,16,38580
3675,7,16,38604
3676,7,16,39155
3677,7,16,39310
3678,7,16,39466
3679,7,16,40172
3680,7,16,40597
3681,7,16,40705
3682,7,16,40972
3683,7,16,41121
3684,7,16,41460
3685,7,16,41523
3686,7,16,41617
3687,7,16,41698
3688,7,16,41928
3689,7,16,42184
3690,7,16,42707
3691,7,16,43040
3692,7,16,43071
3693,7,16,43463
3694,7,16,44002
3695,7,16,44417
3696,7,16,44744
3697,7,16,44898
3698,7,16,45185
3699,7,16,45344
3700,7,16,45579
3701,7,16,45601
3702,7,16,45643
3703,7,16,46339
3704,7,16,46855
3705,7,16,46945
3706,7,16,47560
3707,7,16,47890
3708,7,16,47951
3709,7,16,48078
3710,7,16,48147
3711,7,16,48327
3712,7,16,48888
3713,7,16,49103
3714,7,16,49429
3715,7,16,49774
3716,7,16,50377
3717,7,16,50814
3718,7,16,50823
3719,7,16,51213
3720,7,16,52190
3721,7,16,52193
3722,7,16,52918
3723,7,16,53133
3724,7,16,53336
3725,7,16,53491
3726,7,16,53635
3727,7,16,53930
3728,7,16,54097
3729,7,16,55082
3730,7,16,55227
3731,7,16,55533
3732,7,16,55680
3733,7,16,55772
3734,7,16,56258
3735,7,16,57133
3736,7,16,57145
3737,7,16,57234
3738,7,16,58200
3739,7,16,59053
3740,7,16,59435
3741,7,16,59698
3742,7,16,59744
3743,7,16,59836
3744,7,16,59856
3745,7,17,162
3746,7,17,189
3747,7,17,340
3748,7,17,403
3749,7,17,792
3750,7,17,978
3751,7,17,1212
3752,7,17,1239
3753,7,17,1437
3754,7,17,1539
3755,7,17,1579
3756,7,17,1730
3757,7,17,1868
3758,7,17,1896
3759,7,17,2123
3760,7,17,2383
3761,7,17,2463
3762,7,17,2641
3763,7,17,2903
3764,7,17,3201
3765,7,17,3563
3766,7,17,4042
3767,7,17,4214
3768,7,17,4378
3769,7,17,4479
3770,7,17,4843
3771,7,17,5468
3772,7,17,5529
3773,7,17,5642
3774,7,17,5677
3775,7,17,5778
3776,7,17,6147
3777,7,17,6170
3778,7,17,6233
3779,7,17,6319
3780,7,17,6356
3781,7,17,6405
3782,7,17,7045
3783,7,17,7222
3784,7,17,7269
3785,7,17,8306
3786,7,17,8341
3787,7,17,8431
3788,7,17,8498
3789,7,17,8677
3790,7,17,8759
3791,7,17,8942
3792,7,17,9427
3793,7,17,9477
3794,7,17,9686
3795,7,17,10543
3796,7,17,10662
3797,7,17,10710
3798,7,17,11720
3799,7,17,12332
3800,7,17,12413
3801,7,17,12751
3802,7,17,13023
3803,7,17,13718
3804,7,17,14290
3805,7,17,14586
3806,7,17,14815
3807,7,17,14940
3808,7,17,15091
3809,7,17,15630
3810,7,17,15654
3811,7,17,15762
3812,7,17,16111
3813,7,17,16651
3814,7,17,16741
3815,7,17,16757
3816,7,17,16796
3817,7,17,16879
3818,7,17,17175
3819,7,17,17264
3820,7,17,17303
3821,7,17,17530
3822,7,17,17816
3823,7,17,18041
3824,7,17,18119
3825,7,17,18151
3826,7,17,18152
3827,7,17,18206
3828,7,17,18798
3829,7,17,19085
3830,7,17,19306
3831,7,17,19451
3832,7,17,19459
3833,7,17,19784
3834,7,17,20059
3835,7,17,20061
3836,7,17,20389
3837,7,17,20449
3838,7,17,21778
3839,7,17,21786
3840,7,17,21789
3841,7,17,22241
3842,7,17,22426
3843,7,17,22490
3844,7,17,22525
3845,7,17,22787
3846,7,17,22933
3847,7,17,23111
3848,7,17,23145
3849,7,17,23210
3850,7,17,23621
3851,7,17,23830
3852,7,17,23969
3853,7,17,24007
3854,7,17,24078
3855,7,17,24085
3856,7,17,24350
3857,7,17,24475
3858,7,17,24841
3859,7,17,25839
3860,7,17,25878
3861,7,17,26172
3862,7,17,26772
3863,7,17,27138
3864,7,17,27401
3865,7,17,27598
3866,7,17,28183
3867,7,17,28198
3868,7,17,28432
3869,7,17,28473
3870,7,17,28779
3871,7,17,29061
3872,7,17,29104
3873,7,17,29582
3874,7,17,29733
3875,7,17,29925
3876,7,17,29961
3877,7,17,30988
3878,7,17,31258
3879,7,17,31530
3880,7,17,32625
3881,7,17,32643
3882,7,17,32740
3883,7,17,32825
3884,7,17,33434
3885,7,17,33457
3886,7,17,33915
3887,7,17,33963
3888,7,17,34183
3889,7,17,34526
3890,7,17,34770
3891,7,17,34806
3892,7,17,34854
3893,7,17,35297
3894,7,17,35592
3895,7,17,35627
3896,7,17,35823
3897,7,17,35839
3898,7,17,36036
3899,7,17,36372
3900,7,17,36903
3901,7,17,37123
3902,7,17,38124
3903,7,17,38379
3904,7,17,38481
3905,7,17,39243
3906,7,17,39338
3907,7,17,39400
3908,7,17,39653
3909,7,17,39795
3910,7,17,40040
3911,7,17,40211
3912,7,17,40337
3913,7,17,40672
3914,7,17,40750
3915,7,17,40885
3916,7,17,41060
3917,7,17,41385
3918,7,17,41551
3919,7,17,41710
3920,7,17,41866
3921,7,17,41914
3922,7,17,42163
3923,7,17,42431
3924,7,17,42546
3925,7,17,42554
3926,7,17,42911
3927,7,17,42936
3928,7,17,43137
3929,7,17,43250
3930,7,17,43312
3931,7,17,43569
3932,7,17,44088
3933,7,17,44118
3934,7,17,44134
3935,7,17,44501
3936,7,17,44840
3937,7,17,44889
3938,7,17,44974
3939,7,17,45275
3940,7,17,45381
3941,7,17,46167
3942,7,17,46699
3943,7,17,46951
3944,7,17,47084
3945,7,17,47133
3946,7,17,47996
3947,7,17,48377
3948,7,17,48457
3949,7,17,48463
3950,7,17,48559
3951,7,17,48695
3952,7,17,48795
3953,7,17,49063
3954,7,17,49112
3955,7,17,49198
3956,7,17,49794
3957,7,17,50258
3958,7,17,51057
3959,7,17,51282
3960,7,17,51368
3961,7,17,51380
3962,7,17,52054
3963,7,17,52288
3964,7,17,52391
3965,7,17,53216
3966,7,17,53769
3967,7,17,54342
3968,7,17,54498
3969,7,17,54719
3970,7,17,54891
3971,7,17,54976
3972,7,17,55067
3973,7,17,55263
3974,7,17,55405
3975,7,17,55489
3976,7,17,55614
3977,7,17,55750
3978,7,17,56132
3979,7,17,56217
3980,7,17,56253
3981,7,17,56573
3982,7,17,56639
3983,7,17,57056
3984,7,17,57258
3985,7,17,57693
3986,7,17,57727
3987,7,17,58655
3988,7,17,58880
3989,7,17,59056
3990,7,17,59065
3991,7,17,59561
3992,7,17,59704
3993,7,17,59940
3994,7,18,472
3995,7,18,785
3996,7,18,1186
3997,7,18,1869
3998,7,18,2022
3999,7,18,2826
4000,7,18,2904
4001,7,18,4167
4002,7,18,5020
4003,7,18,5091
4004,7,18,5197
4005,7,18,5903
4006,7,18,6863
4007,7,18,6894
4008,7,18,7863
4009,7,18,7984
4010,7,18,8546
4011,7,18,8887
4012,7,18,9360
4013,7,18,10455
4014,7,18,10977
4015,7,18,11673
4016,7,18,11864
4017,7,18,12290
4018,7,18,12363
4019,7,18,12488
4020,7,18,12777
4021,7,18,12933
4022,7,18,13316
4023,7,18,13597
4024,7,18,13746
4025,7,18,14304
4026,7,18,15218
4027,7,18,16223
4028,7,18,17162
4029,7,18,17442
4030,7,18,17691
4031,7,18,18960
4032,7,18,19239
4033,7,18,20178
4034,7,18,20230
4035,7,18,20482
4036,7,18,20488
4037,7,18,20597
4038,7,18,21164
4039,7,18,21377
4040,7,18,21521
4041,7,18,21936
4042,7,18,22459
4043,7,18,22566
4044,7,18,22629
4045,7,18,22711
4046,7,18,22900
4047,7,18,23995
4048,7,18,24564
4049,7,18,24837
4050,7,18,25254
4051,7,18,25263
4052,7,18,26304
4053,7,18,26456
4054,7,18,26602
4055,7,18,26900
4056,7,18,27149
4057,7,18,27558
4058,7,18,27708
4059,7,18,28144
4060,7,18,29544
4061,7,18,29880
4062,7,18,30041
4063,7,18,31033
4064,7,18,31157
4065,7,18,31405
4066,7,18,31437
4067,7,18,31779
4068,7,18,31914
4069,7,18,32039
4070,7,18,33508
4071,7,18,33602
4072,7,18,33720
4073,7,18,34586
4074,7,18,35523
4075,7,18,36596
4076,7,18,36641
4077,7,18,37413
4078,7,18,38522
4079,7,18,38590
4080,7,18,38866
4081,7,18,39018
4082,7,18,39192
4083,7,18,39260
4084,7,18,39659
4085,7,18,39763
4086,7,18,39983
4087,7,18,40165
4088,7,18,40497
4089,7,18,40709
4090,7,18,40779
4091,7,18,40851
4092,7,18,41086
4093,7,18,41220
4094,7,18,41641
4095,7,18,41659
4096,7,18,42399
4097,7,18,42684
4098,7,18,43801
4099,7,18,43824
4100,7,18,44414
4101,7,18,45038
4102,7,18,45124
4103,7,18,45150
4104,7,18,45253
4105,7,18,45332
4106,7,18,45711
4107,7,18,46011
4108,7,18,46576
4109,7,18,46780
4110,7,18,47274
4111,7,18,49508
4112,7,18,49827
4113,7,18,49959
4114,7,18,50083
4115,7,18,50870
4116,7,18,51814
4117,7,18,52316
4118,7,18,53008
4119,7,18,53327
4120,7,18,53698
4121,7,18,54962
4122,7,18,55118
4123,7,18,55798
4124,7,18,56657
4125,7,18,57175
4126,7,18,57411
4127,7,18,57481
4128,7,18,57956
4129,7,18,58307
4130,7,18,58638
4131,7,18,59551
4132,7,18,59586
4133,7,18,59785
4134,7,18,59851
4135,7,18,59939
4136,7,19,158
4137,7,19,558
4138,7,19,739
4139,7,19,1164
4140,7,19,1587
4141,7,19,1609
4142,7,19,1944
4143,7,19,2627
4144,7,19,2895
4145,7,19,3058
4146,7,19,3282
4147,7,19,3582
4148,7,19,4050
4149,7,19,4174
4150,7,19,4432
4151,7,19,4457
4152,7,19,4860
4153,7,19,6237
4154,7,19,6386
4155,7,19,6408
4156,7,19,6768
4157,7,19,7092
4158,7,19,7731
4159,7,19,7759
4160,7,19,8673
4161,7,19,8752
4162,7,19,8821
4163,7,19,9535
4164,7,19,9609
4165,7,19,10112
4166,7,19,10529
4167,7,19,10657
4168,7,19,10804
4169,7,19,11012
4170,7,19,11282
4171,7,19,11515
4172,7,19,12316
4173,7,19,12520
4174,7,19,13756
4175,7,19,13834
4176,7,19,14701
4177,7,19,15286
4178,7,19,16180
4179,7,19,16226
4180,7,19,16902
4181,7,19,17205
4182,7,19,18313
4183,7,19,18419
4184,7,19,18654
4185,7,19,18757
4186,7,19,18861
4187,7,19,20662
4188,7,19,20742
4189,7,19,21983
4190,7,19,22035
4191,7,19,22044
4192,7,19,22071
4193,7,19,22413
4194,7,19,22420
4195,7,19,22927
4196,7,19,22982
4197,7,19,23910
4198,7,19,24213
4199,7,19,24621
4200,7,19,24843
4201,7,19,27200
4202,7,19,27541
4203,7,19,27613
4204,7,19,27637
4205,7,19,28428
4206,7,19,28578
4207,7,19,28882
4208,7,19,28946
4209,7,19,28953
4210,7,19,29311
4211,7,19,30704
4212,7,19,32033
4213,7,19,32256
4214,7,19,32564
4215,7,19,33182
4216,7,19,33246
4217,7,19,33356
4218,7,19,33369
4219,7,19,33567
4220,7,19,34254
4221,7,19,34923
4222,7,19,35419
4223,7,19,35437
4224,7,19,35590
4225,7,19,35814
4226,7,19,36524
4227,7,19,36878
4228,7,19,36889
4229,7,19,37519
4230,7,19,37573
4231,7,19,38321
4232,7,19,38701
4233,7,19,39496
4234,7,19,39967
4235,7,19,40373
4236,7,19,40495
4237,7,19,40737
4238,7,19,40768
4239,7,19,42200
4240,7,19,42559
4241,7,19,42605
4242,7,19,43709
4243,7,19,43750
4244,7,19,44366
4245,7,19,44591
4246,7,19,45207
4247,7,19,45422
4248,7,19,45461
4249,7,19,45679
4250,7,19,45963
4251,7,19,46262
4252,7,19,46650
4253,7,19,46975
4254,7,19,47066
4255,7,19,47110
4256,7,19,47515
4257,7,19,47604
4258,7,19,47669
4259,7,19,48393
4260,7,19,48401
4261,7,19,49016
4262,7,19,49039
4263,7,19,49044
4264,7,19,49294
4265,7,19,49653
4266,7,19,50567
4267,7,19,51388
4268,7,19,51992
4269,7,19,52084
4270,7,19,52386
4271,7,19,53048
4272,7,19,53130
4273,7,19,53332
4274,7,19,53641
4275,7,19,53927
4276,7,19,54080
4277,7,19,54750
4278,7,19,54768
4279,7,19,55040
4280,7,19,55447
4281,7,19,56203
4282,7,19,57256
4283,7,19,57322
4284,7,19,57371
4285,7,19,57599
4286,7,19,58310
4287,7,19,59389
4288,7,20,270
4289,7,20,341
4290,7,20,364
4291,7,20,373
4292,7,20,597
4293,7,20,697
4294,7,20,699
4295,7,20,834
4296,7,20,1168
4297,7,20,1220
4298,7,20,1414
4299,7,20,1598
4300,7,20,2508
4301,7,20,2570
4302,7,20,2608
4303,7,20,3216
4304,7,20,3614
4305,7,20,3649
4306,7,20,4180
4307,7,20,4566
4308,7,20,4876
4309,7,20,4919
4310,7,20,5489
4311,7,20,6581
4312,7,20,7036
4313,7,20,7080
4314,7,20,7349
4315,7,20,7449
4316,7,20,8243
4317,7,20,8661
4318,7,20,8741
4319,7,20,8874
4320,7,20,9288
4321,7,20,9872
4322,7,20,10196
4323,7,20,10936
4324,7,20,11345
4325,7,20,11379
4326,7,20,11973
4327,7,20,12310
4328,7,20,13034
4329,7,20,13209
4330,7,20,13366
4331,7,20,13682
4332,7,20,13712
4333,7,20,13795
4334,7,20,14343
4335,7,20,14353
4336,7,20,14565
4337,7,20,14951
4338,7,20,15179
4339,7,20,15250
4340,7,20,15475
4341,7,20,15789
4342,7,20,16050
4343,7,20,16071
4344,7,20,16159
4345,7,20,16445
4346,7,20,16501
4347,7,20,17824
4348,7,20,18030
4349,7,20,18432
4350,7,20,18615
4351,7,20,18938
4352,7,20,19101
4353,7,20,19248
4354,7,20,21147
4355,7,20,21246
4356,7,20,21431
4357,7,20,21717
4358,7,20,21965
4359,7,20,22471
4360,7,20,23212
4361,7,20,23813
4362,7,20,24065
4363,7,20,24575
4364,7,20,25044
4365,7,20,26195
4366,7,20,27143
4367,7,20,27183
4368,7,20,27654
4369,7,20,27760
4370,7,20,28077
4371,7,20,28309
4372,7,20,28348
4373,7,20,28365
4374,7,20,28611
4375,7,20,28643
4376,7,20,28697
4377,7,20,29235
4378,7,20,29310
4379,7,20,29758
4380,7,20,30153
4381,7,20,30184
4382,7,20,30548
4383,7,20,30871
4384,7,20,30878
4385,7,20,30949
4386,7,20,30975
4387,7,20,31319
4388,7,20,31501
4389,7,20,32154
4390,7,20,32395
4391,7,20,33059
4392,7,20,33198
4393,7,20,33269
4394,7,20,33362
4395,7,20,33495
4396,7,20,33539
4397,7,20,33996
4398,7,20,34204
4399,7,20,34784
4400,7,20,35036
4401,7,20,35817
4402,7,20,35834
4403,7,20,35991
4404,7,20,36197
4405,7,20,36695
4406,7,20,36963
4407,7,20,37131
4408,7,20,37433
4409,7,20,38175
4410,7,20,38248
4411,7,20,38398
4412,7,20,38417
4413,7,20,38454
4414,7,20,39692
4415,7,20,39941
4416,7,20,40119
4417,7,20,40372
4418,7,20,40410
4419,7,20,40498
4420,7,20,40539
4421,7,20,40561
4422,7,20,40973
4423,7,20,41816
4424,7,20,42123
4425,7,20,42438
4426,7,20,42873
4427,7,20,43109
4428,7,20,43579
4429,7,20,44029
4430,7,20,44312
4431,7,20,44392
4432,7,20,45033
4433,7,20,45320
4434,7,20,45549
4435,7,20,45559
4436,7,20,45615
4437,7,20,45693
4438,7,20,45842
4439,7,20,46018
4440,7,20,46385
4441,7,20,46460
4442,7,20,46599
4443,7,20,46681
4444,7,20,46850
4445,7,20,47409
4446,7,20,47670
4447,7,20,47713
4448,7,20,48230
4449,7,20,48286
4450,7,20,48464
4451,7,20,49145
4452,7,20,49411
4453,7,20,49477
4454,7,20,49914
4455,7,20,50148
4456,7,20,50195
4457,7,20,50250
4458,7,20,50518
4459,7,20,50946
4460,7,20,51043
4461,7,20,51047
4462,7,20,51233
4463,7,20,51349
4464,7,20,51781
4465,7,20,52392
4466,7,20,52463
4467,7,20,52500
4468,7,20,52649
4469,7,20,52684
4470,7,20,52845
4471,7,20,52990
4472,7,20,53039
4473,7,20,53140
4474,7,20,53174
4475,7,20,53802
4476,7,20,53844
4477,7,20,54414
4478,7,20,54492
4479,7,20,54533
4480,7,20,54654
4481,7,20,54752
4482,7,20,55099
4483,7,20,55738
4484,7,20,55908
4485,7,20,56286
4486,7,20,56473
4487,7,20,56533
4488,7,20,57013
4489,7,20,57605
4490,7,20,57841
4491,7,20,57881
4492,7,20,57980
4493,7,20,58696
4494,7,20,59342
4495,7,20,59522
4496,7,20,59633
4497,7,20,59655
4498,7,20,59816
4499,7,21,249
4500,7,21,551
4501,7,21,819
4502,7,21,5238
4503,7,21,5708
4504,7,21,7133
4505,7,21,7657
4506,7,21,9342
4507,7,21,11158
4508,7,21,14250
4509,7,21,14791
4510,7,21,16048
4511,7,21,17016
4512,7,21,17736
4513,7,21,18320
4514,7,21,18331
4515,7,21,21363
4516,7,21,24173
4517,7,21,24199
4518,7,21,25899
4519,7,21,26118
4520,7,21,26483
4521,7,21,26938
4522,7,21,27066
4523,7,21,27091
4524,7,21,29047
4525,7,21,30120
4526,7,21,31317
4527,7,21,31614
4528,7,21,31648
4529,7,21,31658
4530,7,21,32887
4531,7,21,35386
4532,7,21,35780
4533,7,21,37024
4534,7,21,37733
4535,7,21,38476
4536,7,21,38621
4537,7,21,38697
4538,7,21,40412
4539,7,21,41873
4540,7,21,43795
4541,7,21,48347
4542,7,21,49564
4543,7,21,53034
4544,7,21,53953
4545,7,21,54455
4546,7,21,54542
4547,7,21,54921
4548,7,21,56758
4549,7,21,56879
4550,7,21,57326
4551,7,22,575
4552,7,22,1106
4553,7,22,1126
4554,7,22,2869
4555,7,22,3337
4556,7,22,5023
4557,7,22,5261
4558,7,22,6503
4559,7,22,6510
4560,7,22,8904
4561,7,22,8968
4562,7,22,13624
4563,7,22,14927
4564,7,22,19131
4565,7,22,19324
4566,7,22,19700
4567,7,22,21261
4568,7,22,27655
4569,7,22,28966
4570,7,22,30746
4571,7,22,34669
4572,7,22,34968
4573,7,22,38149
4574,7,22,40903
4575,7,22,41251
4576,7,22,45627
4577,7,22,47507
4578,7,22,47527
4579,7,22,47950
4580,7,22,48748
4581,7,22,49966
4582,7,22,50274
4583,7,22,51601
4584,7,22,56717
4585,7,23,529
4586,7,23,727
4587,7,23,832
4588,7,23,963
4589,7,23,1265
4590,7,23,1411
4591,7,23,1553
4592,7,23,1775
4593,7,23,2445
4594,7,23,2824
4595,7,23,3348
4596,7,23,3351
4597,7,23,3494
4598,7,23,3733
4599,7,23,3971
4600,7,23,4010
4601,7,23,4650
4602,7,23,5305
4603,7,23,5729
4604,7,23,5859
4605,7,23,5941
4606,7,23,5949
4607,7,23,6292
4608,7,23,6738
4609,7,23,7328
4610,7,23,7889
4611,7,23,7987
4612,7,23,8358
4613,7,23,8381
4614,7,23,8473
4615,7,23,9017
4616,7,23,9451
4617,7,23,9465
4618,7,23,9770
4619,7,23,9945
4620,7,23,10102
4621,7,23,10919
4622,7,23,11477
4623,7,23,12033
4624,7,23,12126
4625,7,23,12348
4626,7,23,12643
4627,7,23,12888
4628,7,23,13252
4629,7,23,13709
4630,7,23,13874
4631,7,23,14347
4632,7,23,14786
4633,7,23,15862
4634,7,23,15947
4635,7,23,16217
4636,7,23,16306
4637,7,23,16746
4638,7,23,17055
4639,7,23,17241
4640,7,23,17281
4641,7,23,17296
4642,7,23,17351
4643,7,23,17978
4644,7,23,18138
4645,7,23,18371
4646,7,23,18439
4647,7,23,18700
4648,7,23,18796
4649,7,23,18817
4650,7,23,18947
4651,7,23,19111
4652,7,23,19203
4653,7,23,19770
4654,7,23,20172
4655,7,23,20547
4656,7,23,20752
4657,7,23,20834
4658,7,23,20879
4659,7,23,20952
4660,7,23,21082
4661,7,23,21226
4662,7,23,21433
4663,7,23,21568
4664,7,23,21590
4665,7,23,21704
4666,7,23,21707
4667,7,23,21870
4668,7,23,22095
4669,7,23,22117
4670,7,23,23335
4671,7,23,23462
4672,7,23,23787
4673,7,23,24127
4674,7,23,24414
4675,7,23,24635
4676,7,23,24792
4677,7,23,24874
4678,7,23,25344
4679,7,23,25429
4680,7,23,25557
4681,7,23,26257
4682,7,23,26775
4683,7,23,27177
4684,7,23,27773
4685,7,23,28302
4686,7,23,29039
4687,7,23,29307
4688,7,23,29338
4689,7,23,29451
4690,7,23,29615
4691,7,23,29667
4692,7,23,30103
4693,7,23,30177
4694,7,23,30222
4695,7,23,30600
4696,7,23,30931
4697,7,23,31643
4698,7,23,31650
4699,7,23,32132
4700,7,23,32373
4701,7,23,32407
4702,7,23,33487
4703,7,23,33864
4704,7,23,33945
4705,7,23,34262
4706,7,23,34831
4707,7,23,34890
4708,7,23,35041
4709,7,23,35195
4710,7,23,35597
4711,7,23,35758
4712,7,23,35761
4713,7,23,36169
4714,7,23,36563
4715,7,23,36783
4716,7,23,36816
4717,7,23,37065
4718,7,23,37622
4719,7,23,37638
4720,7,23,37643
4721,7,23,38412
4722,7,23,38495
4723,7,23,38846
4724,7,23,38979
4725,7,23,39114
4726,7,23,39175
4727,7,23,39186
4728,7,23,39239
4729,7,23,39524
4730,7,23,39928
4731,7,23,39995
4732,7,23,40070
4733,7,23,40469
4734,7,23,40842
4735,7,23,41080
4736,7,23,41478
4737,7,23,41772
4738,7,23,42010
4739,7,23,42196
4740,7,23,42340
4741,7,23,42519
4742,7,23,43236
4743,7,23,44403
4744,7,23,44709
4745,7,23,45872
4746,7,23,46252
4747,7,23,46482
4748,7,23,46526
4749,7,23,46659
4750,7,23,46771
4751,7,23,47044
4752,7,23,47073
4753,7,23,47377
4754,7,23,47447
4755,7,23,47533
4756,7,23,47605
4757,7,23,48076
4758,7,23,48485
4759,7,23,48883
4760,7,23,49040
4761,7,23,49210
4762,7,23,49282
4763,7,23,49650
4764,7,23,49726
4765,7,23,50395
4766,7,23,50577
4767,7,23,50753
4768,7,23,50841
4769,7,23,50976
4770,7,23,51211
4771,7,23,51290
4772,7,23,51354
4773,7,23,51810
4774,7,23,52247
4775,7,23,52424
4776,7,23,52654
4777,7,23,52971
4778,7,23,53226
4779,7,23,53847
4780,7,23,54084
4781,7,23,54731
4782,7,23,55178
4783,7,23,55289
4784,7,23,55710
4785,7,23,55785
4786,7,23,56218
4787,7,23,56651
4788,7,23,57624
4789,7,23,57661
4790,7,23,58263
4791,7,23,58506
4792,7,23,58819
4793,7,23,58946
4794,7,23,58954
4795,7,23,59064
4796,7,23,59310
4797,7,23,59867
4798,7,24,119
4799,7,24,126
4800,7,24,357
4801,7,24,425
4802,7,24,437
4803,7,24,728
4804,7,24,1151
4805,7,24,1240
4806,7,24,1402
4807,7,24,2357
4808,7,24,2868
4809,7,24,3118
4810,7,24,3134
4811,7,24,3146
4812,7,24,3479
4813,7,24,3517
4814,7,24,3550
4815,7,24,3662
4816,7,24,3691
4817,7,24,4111
4818,7,24,4112
4819,7,24,4319
4820,7,24,4584
4821,7,24,4588
4822,7,24,4972
4823,7,24,5437
4824,7,24,5760
4825,7,24,5847
4826,7,24,6500
4827,7,24,7126
4828,7,24,7408
4829,7,24,7642
4830,7,24,7927
4831,7,24,7963
4832,7,24,8206
4833,7,24,8926
4834,7,24,9012
4835,7,24,9714
4836,7,24,10717
4837,7,24,10802
4838,7,24,10822
4839,7,24,10909
4840,7,24,11105
4841,7,24,11115
4842,7,24,11168
4843,7,24,11188
4844,7,24,11296
4845,7,24,11427
4846,7,24,12970
4847,7,24,13062
4848,7,24,13221
4849,7,24,13924
4850,7,24,13953
4851,7,24,14079
4852,7,24,14335
4853,7,24,14507
4854,7,24,14742
4855,7,24,15907
4856,7,24,16015
4857,7,24,16263
4858,7,24,16269
4859,7,24,16540
4860,7,24,16727
4861,7,24,17080
4862,7,24,17112
4863,7,24,17601
4864,7,24,18067
4865,7,24,18652
4866,7,24,18853
4867,7,24,19205
4868,7,24,19695
4869,7,24,19951
4870,7,24,20265
4871,7,24,20480
4872,7,24,20640
4873,7,24,20714
4874,7,24,20944
4875,7,24,21764
4876,7,24,22614
4877,7,24,22683
4878,7,24,22842
4879,7,24,22858
4880,7,24,23039
4881,7,24,23104
4882,7,24,23540
4883,7,24,23561
4884,7,24,23718
4885,7,24,24608
4886,7,24,24686
4887,7,24,24836
4888,7,24,25277
4889,7,24,26618
4890,7,24,27751
4891,7,24,27767
4892,7,24,27797
4893,7,24,27811
4894,7,24,27824
4895,7,24,28026
4896,7,24,28167
4897,7,24,28564
4898,7,24,28752
4899,7,24,29689
4900,7,24,29916
4901,7,24,30009
4902,7,24,30053
4903,7,24,30091
4904,7,24,30978
4905,7,24,31181
4906,7,24,31800
4907,7,24,32428
4908,7,24,32471
4909,7,24,32529
4910,7,24,32664
4911,7,24,32863
4912,7,24,32984
4913,7,24,33102
4914,7,24,33603
4915,7,24,33611
4916,7,24,34929
4917,7,24,35027
4918,7,24,35422
4919,7,24,35773
4920,7,24,35923
4921,7,24,36180
4922,7,24,36675
4923,7,24,36702
4924,7,24,36707
4925,7,24,36833
4926,7,24,36939
4927,7,24,37105
4928,7,24,37142
4929,7,24,37222
4930,7,24,37633
4931,7,24,37855
4932,7,24,38512
4933,7,24,38576
4934,7,24,38705
4935,7,24,39069
4936,7,24,39214
4937,7,24,39627
4938,7,24,39677
4939,7,24,39978
4940,7,24,40023
4941,7,24,40199
4942,7,24,40414
4943,7,24,40684
4944,7,24,40701
4945,7,24,40819
4946,7,24,40949
4947,7,24,41053
4948,7,24,41070
4949,7,24,41970
4950,7,24,42282
4951,7,24,42516
4952,7,24,43100
4953,7,24,43138
4954,7,24,43211
4955,7,24,43301
4956,7,24,43356
4957,7,24,43398
4958,7,24,43516
4959,7,24,43758
4960,7,24,44401
4961,7,24,44781
4962,7,24,45113
4963,7,24,45205
4964,7,24,45680
4965,7,24,46111
4966,7,24,46426
4967,7,24,46741
4968,7,24,46979
4969,7,24,47141
4970,7,24,47267
4971,7,24,47762
4972,7,24,48284
4973,7,24,48572
4974,7,24,48916
4975,7,24,49352
4976,7,24,49466
4977,7,24,49625
4978,7,24,50336
4979,7,24,50805
4980,7,24,51062
4981,7,24,51109
4982,7,24,51426
4983,7,24,52412
4984,7,24,52483
4985,7,24,52530
4986,7,24,52783
4987,7,24,53061
4988,7,24,53219
4989,7,24,53290
4990,7,24,53458
4991,7,24,53717
4992,7,24,54371
4993,7,24,54475
4994,7,24,54527
4995,7,24,54635
4996,7,24,55131
4997,7,24,55303
4998,7,24,55322
4999,7,24,55468
5000,7,24,55791
5001,7,24,56801
5002,7,24,57075
5003,7,24,57080
5004,7,24,57464
5005,7,24,57669
5006,7,24,57776
5007,7,24,57781
5008,7,24,58527
5009,7,24,58882
5010,7,24,59135
5011,7,24,59445
5012,7,24,59571
5013,7,25,145
5014,7,25,482
5015,7,25,512
5016,7,25,890
5017,7,25,1209
5018,7,25,1505
5019,7,25,1916
5020,7,25,1995
5021,7,25,2204
5022,7,25,2587
5023,7,25,2841
5024,7,25,3176
5025,7,25,3481
5026,7,25,3769
5027,7,25,3825
5028,7,25,4237
5029,7,25,4273
5030,7,25,4412
5031,7,25,4572
5032,7,25,5345
5033,7,25,5456
5034,7,25,5602
5035,7,25,5694
5036,7,25,5713
5037,7,25,5915
5038,7,25,5998
5039,7,25,6334
5040,7,25,6835
5041,7,25,7072
5042,7,25,7118
5043,7,25,7185
5044,7,25,8039
5045,7,25,8201
5046,7,25,8218
5047,7,25,8292
5048,7,25,8311
5049,7,25,9311
5050,7,25,9581
5051,7,25,10405
5052,7,25,10479
5053,7,25,10532
5054,7,25,10957
5055,7,25,11185
5056,7,25,11525
5057,7,25,12261
5058,7,25,12870
5059,7,25,12874
5060,7,25,13105
5061,7,25,13763
5062,7,25,14022
5063,7,25,14175
5064,7,25,14220
5065,7,25,14439
5066,7,25,14666
5067,7,25,14724
5068,7,25,15201
5069,7,25,15252
5070,7,25,15407
5071,7,25,15552
5072,7,25,15590
5073,7,25,15698
5074,7,25,15869
5075,7,25,16202
5076,7,25,16348
5077,7,25,16466
5078,7,25,16754
5079,7,25,17157
5080,7,25,17499
5081,7,25,17600
5082,7,25,17604
5083,7,25,17883
5084,7,25,17906
5085,7,25,18242
5086,7,25,19654
5087,7,25,19893
5088,7,25,20374
5089,7,25,21010
5090,7,25,21481
5091,7,25,22231
5092,7,25,22541
5093,7,25,22594
5094,7,25,22682
5095,7,25,22806
5096,7,25,22883
5097,7,25,23123
5098,7,25,23456
5099,7,25,23885
5100,7,25,23890
5101,7,25,24130
5102,7,25,24186
5103,7,25,24212
5104,7,25,24397
5105,7,25,24398
5106,7,25,24484
5107,7,25,24667
5108,7,25,24684
5109,7,25,25322
5110,7,25,25383
5111,7,25,25446
5112,7,25,25700
5113,7,25,25727
5114,7,25,25969
5115,7,25,26004
5116,7,25,26068
5117,7,25,26434
5118,7,25,26489
5119,7,25,26494
5120,7,25,26517
5121,7,25,26796
5122,7,25,26966
5123,7,25,27166
5124,7,25,27255
5125,7,25,27438
5126,7,25,27640
5127,7,25,28030
5128,7,25,28250
5129,7,25,28320
5130,7,25,28528
5131,7,25,28754
5132,7,25,28800
5133,7,25,29143
5134,7,25,29264
5135,7,25,29706
5136,7,25,30141
5137,7,25,30272
5138,7,25,30852
5139,7,25,31369
5140,7,25,31967
5141,7,25,32707
5142,7,25,33017
5143,7,25,34438
5144,7,25,34483
5145,7,25,34814
5146,7,25,35034
5147,7,25,35368
5148,7,25,35383
5149,7,25,36429
5150,7,25,36579
5151,7,25,37282
5152,7,25,37310
5153,7,25,37685
5154,7,25,37993
5155,7,25,38164
5156,7,25,38509
5157,7,25,38758
5158,7,25,39269
5159,7,25,39487
5160,7,25,39711
5161,7,25,39863
5162,7,25,39971
5163,7,25,40203
5164,7,25,40209
5165,7,25,40501
5166,7,25,40989
5167,7,25,41557
5168,7,25,41568
5169,7,25,41993
5170,7,25,43684
5171,7,25,43998
5172,7,25,44072
5173,7,25,44075
5174,7,25,44344
5175,7,25,44533
5176,7,25,45450
5177,7,25,45451
5178,7,25,45455
5179,7,25,45497
5180,7,25,45542
5181,7,25,45758
5182,7,25,45942
5183,7,25,46446
5184,7,25,46531
5185,7,25,46696
5186,7,25,47002
5187,7,25,47195
5188,7,25,47643
5189,7,25,48001
5190,7,25,48227
5191,7,25,48374
5192,7,25,48433
5193,7,25,48608
5194,7,25,48870
5195,7,25,49276
5196,7,25,49530
5197,7,25,49690
5198,7,25,49947
5199,7,25,50029
5200,7,25,50505
5201,7,25,50617
5202,7,25,50803
5203,7,25,50899
5204,7,25,50968
5205,7,25,51084
5206,7,25,52313
5207,7,25,52418
5208,7,25,53419
5209,7,25,53705
5210,7,25,54401
5211,7,25,54804
5212,7,25,55148
5213,7,25,55260
5214,7,25,55324
5215,7,25,55390
5216,7,25,55585
5217,7,25,56048
5218,7,25,56459
5219,7,25,57439
5220,7,25,57612
5221,7,25,57893
5222,7,25,58051
5223,7,25,58287
5224,7,25,58582
5225,7,25,59812
5226,7,25,59857
5227,7,26,142
5228,7,26,1123
5229,7,26,1678
5230,7,26,1735
5231,7,26,2047
5232,7,26,2378
5233,7,26,2737
5234,7,26,3187
5235,7,26,3349
5236,7,26,3783
5237,7,26,4819
5238,7,26,4837
5239,7,26,6992
5240,7,26,7319
5241,7,26,7329
5242,7,26,7884
5243,7,26,8050
5244,7,26,9031
5245,7,26,9679
5246,7,26,9874
5247,7,26,10084
5248,7,26,12625
5249,7,26,12733
5250,7,26,12912
5251,7,26,13370
5252,7,26,13443
5253,7,26,14810
5254,7,26,15021
5255,7,26,15070
5256,7,26,15139
5257,7,26,15423
5258,7,26,15617
5259,7,26,17670
5260,7,26,18848
5261,7,26,19356
5262,7,26,19741
5263,7,26,19810
5264,7,26,20437
5265,7,26,21320
5266,7,26,21401
5267,7,26,22156
5268,7,26,22501
5269,7,26,22537
5270,7,26,23130
5271,7,26,23752
5272,7,26,23971
5273,7,26,24396
5274,7,26,25279
5275,7,26,27015
5276,7,26,27042
5277,7,26,27522
5278,7,26,27949
5279,7,26,27961
5280,7,26,28185
5281,7,26,28568
5282,7,26,30049
5283,7,26,30850
5284,7,26,31267
5285,7,26,31753
5286,7,26,32151
5287,7,26,32300
5288,7,26,33755
5289,7,26,34281
5290,7,26,36326
5291,7,26,37060
5292,7,26,37129
5293,7,26,37607
5294,7,26,37752
5295,7,26,37988
5296,7,26,38564
5297,7,26,38625
5298,7,26,39080
5299,7,26,39308
5300,7,26,39565
5301,7,26,39587
5302,7,26,39646
5303,7,26,40254
5304,7,26,41348
5305,7,26,41474
5306,7,26,41532
5307,7,26,41974
5308,7,26,42061
5309,7,26,42677
5310,7,26,42721
5311,7,26,43874
5312,7,26,44057
5313,7,26,44214
5314,7,26,44740
5315,7,26,45148
5316,7,26,45183
5317,7,26,46415
5318,7,26,46454
5319,7,26,47049
5320,7,26,47058
5321,7,26,47428
5322,7,26,48083
5323,7,26,48202
5324,7,26,48311
5325,7,26,48398
5326,7,26,48857
5327,7,26,49373
5328,7,26,49657
5329,7,26,50554
5330,7,26,50602
5331,7,26,51137
5332,7,26,51171
5333,7,26,51268
5334,7,26,51505
5335,7,26,52432
5336,7,26,52731
5337,7,26,52861
5338,7,26,53137
5339,7,26,53707
5340,7,26,54496
5341,7,26,56059
5342,7,26,56405
5343,7,26,56974
5344,7,26,57435
5345,7,26,57676
5346,7,26,58017
5347,7,26,58376
5348,7,26,58460
5349,7,26,59607
5350,7,26,59737
5351,7,27,1136
5352,7,27,1446
5353,7,27,1966
5354,7,27,2101
5355,7,27,2280
5356,7,27,2418
5357,7,27,2450
5358,7,27,2477
5359,7,27,3179
5360,7,27,3393
5361,7,27,3471
5362,7,27,4122
5363,7,27,4597
5364,7,27,4606
5365,7,27,4977
5366,7,27,5292
5367,7,27,5341
5368,7,27,5435
5369,7,27,6171
5370,7,27,6274
5371,7,27,6523
5372,7,27,6767
5373,7,27,7065
5374,7,27,7283
5375,7,27,7482
5376,7,27,7726
5377,7,27,9097
5378,7,27,9439
5379,7,27,9604
5380,7,27,9620
5381,7,27,10207
5382,7,27,10245
5383,7,27,10407
5384,7,27,10582
5385,7,27,10627
5386,7,27,11142
5387,7,27,11424
5388,7,27,12084
5389,7,27,12202
5390,7,27,13127
5391,7,27,13141
5392,7,27,13220
5393,7,27,13290
5394,7,27,13405
5395,7,27,13595
5396,7,27,13860
5397,7,27,14154
5398,7,27,14398
5399,7,27,14427
5400,7,27,14481
5401,7,27,14573
5402,7,27,14673
5403,7,27,15615
5404,7,27,15730
5405,7,27,15816
5406,7,27,15833
5407,7,27,16026
5408,7,27,16099
5409,7,27,16387
5410,7,27,16396
5411,7,27,16671
5412,7,27,17017
5413,7,27,17492
5414,7,27,17872
5415,7,27,18018
5416,7,27,18127
5417,7,27,18136
5418,7,27,18171
5419,7,27,18719
5420,7,27,18832
5421,7,27,18879
5422,7,27,19155
5423,7,27,19338
5424,7,27,19485
5425,7,27,20050
5426,7,27,20504
5427,7,27,21612
5428,7,27,21828
5429,7,27,22257
5430,7,27,22561
5431,7,27,22644
5432,7,27,22713
5433,7,27,22911
5434,7,27,23014
5435,7,27,23030
5436,7,27,23205
5437,7,27,23622
5438,7,27,23670
5439,7,27,24122
5440,7,27,24754
5441,7,27,24832
5442,7,27,24960
5443,7,27,25537
5444,7,27,26347
5445,7,27,26653
5446,7,27,26978
5447,7,27,27034
5448,7,27,27343
5449,7,27,27517
5450,7,27,27904
5451,7,27,28001
5452,7,27,28401
5453,7,27,29059
5454,7,27,29397
5455,7,27,29577
5456,7,27,29581
5457,7,27,30012
5458,7,27,30983
5459,7,27,31040
5460,7,27,31351
5461,7,27,31456
5462,7,27,31613
5463,7,27,31850
5464,7,27,31858
5465,7,27,31953
5466,7,27,31973
5467,7,27,32100
5468,7,27,32113
5469,7,27,32608
5470,7,27,32800
5471,7,27,33012
5472,7,27,33036
5473,7,27,33358
5474,7,27,33450
5475,7,27,33583
5476,7,27,34174
5477,7,27,34807
5478,7,27,34917
5479,7,27,35020
5480,7,27,35067
5481,7,27,35404
5482,7,27,35544
5483,7,27,36324
5484,7,27,36344
5485,7,27,37221
5486,7,27,37641
5487,7,27,37654
5488,7,27,37795
5489,7,27,37876
5490,7,27,37893
5491,7,27,38073
5492,7,27,38165
5493,7,27,38172
5494,7,27,39112
5495,7,27,39188
5496,7,27,39493
5497,7,27,39541
5498,7,27,39592
5499,7,27,39884
5500,7,27,39954
5501,7,27,40081
5502,7,27,40143
5503,7,27,40188
5504,7,27,40192
5505,7,27,40295
5506,7,27,40452
5507,7,27,40650
5508,7,27,40690
5509,7,27,40757
5510,7,27,41031
5511,7,27,41154
5512,7,27,41562
5513,7,27,42370
5514,7,27,42596
5515,7,27,42610
5516,7,27,42642
5517,7,27,43658
5518,7,27,44149
5519,7,27,44179
5520,7,27,44278
5521,7,27,44341
5522,7,27,44638
5523,7,27,44692
5524,7,27,46031
5525,7,27,46034
5526,7,27,46228
5527,7,27,46442
5528,7,27,46604
5529,7,27,46669
5530,7,27,47354
5531,7,27,47435
5532,7,27,47469
5533,7,27,47873
5534,7,27,48045
5535,7,27,48307
5536,7,27,48338
5537,7,27,48765
5538,7,27,49233
5539,7,27,49337
5540,7,27,49615
5541,7,27,49770
5542,7,27,49890
5543,7,27,49999
5544,7,27,50131
5545,7,27,50229
5546,7,27,50930
5547,7,27,51394
5548,7,27,51417
5549,7,27,51504
5550,7,27,51583
5551,7,27,51589
5552,7,27,51743
5553,7,27,51746
5554,7,27,51934
5555,7,27,52639
5556,7,27,52930
5557,7,27,53520
5558,7,27,53724
5559,7,27,54158
5560,7,27,54634
5561,7,27,54901
5562,7,27,54949
5563,7,27,55913
5564,7,27,56063
5565,7,27,56529
5566,7,27,57081
5567,7,27,57224
5568,7,27,57316
5569,7,27,58108
5570,7,27,58304
5571,7,27,58660
5572,7,27,59023
5573,7,27,59269
5574,7,27,59471
5575,7,27,59992
5576,7,28,310
5577,7,28,417
5578,7,28,423
5579,7,28,668
5580,7,28,690
5581,7,28,729
5582,7,28,957
5583,7,28,1826
5584,7,28,1831
5585,7,28,1924
5586,7,28,2209
5587,7,28,2514
5588,7,28,2751
5589,7,28,3317
5590,7,28,3360
5591,7,28,3713
5592,7,28,3873
5593,7,28,4198
5594,7,28,4298
5595,7,28,4379
5596,7,28,5594
5597,7,28,5667
5598,7,28,5825
5599,7,28,6975
5600,7,28,7148
5601,7,28,7189
5602,7,28,7256
5603,7,28,7318
5604,7,28,7436
5605,7,28,7501
5606,7,28,8109
5607,7,28,8188
5608,7,28,8198
5609,7,28,8555
5610,7,28,8684
5611,7,28,8848
5612,7,28,8880
5613,7,28,8949
5614,7,28,9307
5615,7,28,9632
5616,7,28,9709
5617,7,28,9814
5618,7,28,9941
5619,7,28,10591
5620,7,28,10678
5621,7,28,10830
5622,7,28,11196
5623,7,28,11503
5624,7,28,11745
5625,7,28,11786
5626,7,28,11788
5627,7,28,12650
5628,7,28,13206
5629,7,28,13312
5630,7,28,13326
5631,7,28,14058
5632,7,28,14378
5633,7,28,14752
5634,7,28,14877
5635,7,28,15135
5636,7,28,16468
5637,7,28,16701
5638,7,28,17058
5639,7,28,17639
5640,7,28,17780
5641,7,28,17851
5642,7,28,18975
5643,7,28,19347
5644,7,28,19468
5645,7,28,20516
5646,7,28,20606
5647,7,28,21002
5648,7,28,21079
5649,7,28,21599
5650,7,28,23101
5651,7,28,23518
5652,7,28,23958
5653,7,28,23983
5654,7,28,24131
5655,7,28,24326
5656,7,28,24663
5657,7,28,24800
5658,7,28,24884
5659,7,28,25376
5660,7,28,25892
5661,7,28,26151
5662,7,28,26314
5663,7,28,26531
5664,7,28,27086
5665,7,28,27274
5666,7,28,27296
5667,7,28,27380
5668,7,28,27852
5669,7,28,28168
5670,7,28,28254
5671,7,28,28397
5672,7,28,28398
5673,7,28,29429
5674,7,28,29638
5675,7,28,29851
5676,7,28,30028
5677,7,28,30032
5678,7,28,30763
5679,7,28,30803
5680,7,28,30924
5681,7,28,31722
5682,7,28,31989
5683,7,28,32350
5684,7,28,32527
5685,7,28,33258
5686,7,28,33259
5687,7,28,33334
5688,7,28,33747
5689,7,28,33798
5690,7,28,33929
5691,7,28,33966
5692,7,28,34181
5693,7,28,34233
5694,7,28,34539
5695,7,28,34641
5696,7,28,34729
5697,7,28,35098
5698,7,28,35724
5699,7,28,35876
5700,7,28,35900
5701,7,28,35934
5702,7,28,36032
5703,7,28,36143
5704,7,28,36175
5705,7,28,36214
5706,7,28,36346
5707,7,28,36464
5708,7,28,36466
5709,7,28,36678
5710,7,28,36768
5711,7,28,37609
5712,7,28,37754
5713,7,28,38072
5714,7,28,38105
5715,7,28,38233
5716,7,28,38401
5717,7,28,38415
5718,7,28,39090
5719,7,28,39384
5720,7,28,39413
5721,7,28,39424
5722,7,28,39878
5723,7,28,40335
5724,7,28,40898
5725,7,28,40902
5726,7,28,41094
5727,7,28,41575
5728,7,28,42098
5729,7,28,42798
5730,7,28,42884
5731,7,28,43079
5732,7,28,43743
5733,7,28,44056
5734,7,28,44621
5735,7,28,44847
5736,7,28,45473
5737,7,28,45626
5738,7,28,45798
5739,7,28,45924
5740,7,28,45980
5741,7,28,46086
5742,7,28,46734
5743,7,28,46789
5744,7,28,47170
5745,7,28,48024
5746,7,28,48094
5747,7,28,48165
5748,7,28,48350
5749,7,28,48533
5750,7,28,48569
5751,7,28,48793
5752,7,28,49250
5753,7,28,49323
5754,7,28,49803
5755,7,28,50636
5756,7,28,50933
5757,7,28,50950
5758,7,28,51041
5759,7,28,51165
5760,7,28,51395
5761,7,28,51628
5762,7,28,51722
5763,7,28,52123
5764,7,28,52167
5765,7,28,52178
5766,7,28,52422
5767,7,28,52423
5768,7,28,52810
5769,7,28,53227
5770,7,28,53263
5771,7,28,53334
5772,7,28,54350
5773,7,28,54372
5774,7,28,54457
5775,7,28,54675
5776,7,28,55378
5777,7,28,55460
5778,7,28,55920
5779,7,28,55970
5780,7,28,56072
5781,7,28,56410
5782,7,28,56495
5783,7,28,56512
5784,7,28,56759
5785,7,28,57303
5786,7,28,57601
5787,7,28,57718
5788,7,28,58057
5789,7,28,58952
5790,7,28,59076
5791,7,29,689
5792,7,29,717
5793,7,29,804
5794,7,29,953
5795,7,29,1632
5796,7,29,1954
5797,7,29,2823
5798,7,29,2931
5799,7,29,2948
5800,7,29,2991
5801,7,29,3055
5802,7,29,3239
5803,7,29,3669
5804,7,29,3908
5805,7,29,4121
5806,7,29,4132
5807,7,29,4205
5808,7,29,4259
5809,7,29,4359
5810,7,29,5002
5811,7,29,5234
5812,7,29,5597
5813,7,29,5741
5814,7,29,5746
5815,7,29,5982
5816,7,29,6628
5817,7,29,6694
5818,7,29,7335
5819,7,29,7358
5820,7,29,7553
5821,7,29,7633
5822,7,29,7699
5823,7,29,7732
5824,7,29,7904
5825,7,29,8272
5826,7,29,8740
5827,7,29,8753
5828,7,29,9218
5829,7,29,9590
5830,7,29,9613
5831,7,29,9633
5832,7,29,10038
5833,7,29,10111
5834,7,29,10364
5835,7,29,10596
5836,7,29,10709
5837,7,29,10715
5838,7,29,10758
5839,7,29,11220
5840,7,29,11250
5841,7,29,11466
5842,7,29,11810
5843,7,29,12945
5844,7,29,13427
5845,7,29,14597
5846,7,29,14678
5847,7,29,14852
5848,7,29,15013
5849,7,29,15406
5850,7,29,15413
5851,7,29,15582
5852,7,29,15956
5853,7,29,16076
5854,7,29,16357
5855,7,29,16426
5856,7,29,16783
5857,7,29,16845
5858,7,29,16872
5859,7,29,17402
5860,7,29,17434
5861,7,29,17474
5862,7,29,17480
5863,7,29,17494
5864,7,29,17649
5865,7,29,17688
5866,7,29,17815
5867,7,29,18248
5868,7,29,18564
5869,7,29,18591
5870,7,29,19025
5871,7,29,19075
5872,7,29,20141
5873,7,29,20760
5874,7,29,22085
5875,7,29,22189
5876,7,29,22280
5877,7,29,22432
5878,7,29,22912
5879,7,29,23113
5880,7,29,23984
5881,7,29,25367
5882,7,29,25647
5883,7,29,26400
5884,7,29,26550
5885,7,29,27073
5886,7,29,27602
5887,7,29,27612
5888,7,29,27744
5889,7,29,27926
5890,7,29,28020
5891,7,29,28068
5892,7,29,28256
5893,7,29,28587
5894,7,29,28787
5895,7,29,28929
5896,7,29,29583
5897,7,29,29612
5898,7,29,29986
5899,7,29,30296
5900,7,29,30315
5901,7,29,31032
5902,7,29,31677
5903,7,29,31756
5904,7,29,31833
5905,7,29,31921
5906,7,29,32452
5907,7,29,32549
5908,7,29,32702
5909,7,29,32717
5910,7,29,33288
5911,7,29,33428
5912,7,29,33730
5913,7,29,34007
5914,7,29,34407
5915,7,29,34742
5916,7,29,35007
5917,7,29,35516
5918,7,29,35682
5919,7,29,35734
5920,7,29,36027
5921,7,29,36110
5922,7,29,36627
5923,7,29,36913
5924,7,29,37897
5925,7,29,38180
5926,7,29,38585
5927,7,29,39259
5928,7,29,39457
5929,7,29,39640
5930,7,29,39699
5931,7,29,40413
5932,7,29,40954
5933,7,29,41427
5934,7,29,41985
5935,7,29,42283
5936,7,29,42500
5937,7,29,42639
5938,7,29,42796
5939,7,29,43633
5940,7,29,44003
5941,7,29,44097
5942,7,29,44254
5943,7,29,45228
5944,7,29,45256
5945,7,29,45513
5946,7,29,45637
5947,7,29,46278
5948,7,29,46725
5949,7,29,46829
5950,7,29,46931
5951,7,29,47059
5952,7,29,47606
5953,7,29,48006
5954,7,29,48185
5955,7,29,48370
5956,7,29,48502
5957,7,29,48779
5958,7,29,49055
5959,7,29,49217
5960,7,29,49731
5961,7,29,49841
5962,7,29,49900
5963,7,29,49954
5964,7,29,50676
5965,7,29,50788
5966,7,29,50918
5967,7,29,51777
5968,7,29,52409
5969,7,29,53209
5970,7,29,53280
5971,7,29,53282
5972,7,29,53528
5973,7,29,53576
5974,7,29,54044
5975,7,29,54130
5976,7,29,54252
5977,7,29,54459
5978,7,29,54462
5979,7,29,54906
5980,7,29,54940
5981,7,29,55607
5982,7,29,55679
5983,7,29,55830
5984,7,29,55900
5985,7,29,56175
5986,7,29,56213
5987,7,29,56245
5988,7,29,56846
5989,7,29,56988
5990,7,29,57079
5991,7,29,57680
5992,7,29,57868
5993,7,29,58473
5994,7,29,58474
5995,7,29,58846
5996,7,29,58878
5997,7,29,59261
5998,7,29,59791
5999,7,29,59814
