{
  "name": "alyz_regression_shap",
  "description": "SHAP example of interpretable machine learning for regression problem",
  "author": "AIST",
  "email": "",
  "version": "0.1",
  "quality": "https://airc.aist.go.jp/aiqm/quality/internal/Distribution_of_training_data",
  "reference": "",
  "inventories": [
    {
      "name": "data",
      "type": "dataset",
      "description": "regression problem data set",
      "format": [
        "csv"
      ],
      "schema": "https://www.ietf.org/rfc/rfc4180.txt"
    }
  ],
  "parameters": [
    {
      "name": "target",
      "type": "str",
      "description": "predication target column",
      "default_val": "medv"
    }
  ],
  "report": {
    "measures": [],
    "resources": [
      {
        "name": "waterfall",
        "type": "picture",
        "description": "waterfall"
      },
      {
        "name": "plots_force",
        "type": "picture",
        "description": "plots_force"
      },
      {
        "name": "plots_scatter",
        "type": "picture",
        "description": "plots_scatter"
      },
      {
        "name": "plots_beeswarm",
        "type": "picture",
        "description": "plots_beeswarm"
      },
      {
        "name": "plots_bar",
        "type": "picture",
        "description": "plots_bar"
      }
    ]
  },
  "downloads": [
    {
      "name": "Log",
      "description": "AITLog"
    }
  ]
}